来源,类型,标题,简述,内容
东方财富,全球导读,美国政府停摆危机“闹剧”结束！参议院通过权宜开支法案,在午夜钟声敲响之后的半小时，美国参议院才“姗姗来迟”地通过了最新版本的短期支出法案，从而得以避免真正陷入于一场不可收拾的停摆危机之中。据媒体报道，美国参议院刚刚以85票对11票通过了防止政府“停摆”的权宜开支法案，并将该法案送交拜登总统签署。该法案可以保证美国联邦政府继续获得运转的资金，将资金持续期限从本周五晚延长到明年3月中。,"　　在东方财富看资讯行情，选东方财富证券一站式开户交易>>

　　在午夜钟声敲响之后的半小时，美国参议院才“姗姗来迟”地通过了最新版本的短期支出法案，从而得以避免真正陷入于一场不可收拾的停摆危机之中。

　　据媒体报道，美国参议院刚刚以85票对11票通过了防止政府“停摆”的权宜开支法案，并将该法案送交拜登总统签署。该法案可以保证美国联邦政府继续获得运转的资金，将资金持续期限从本周五晚延长到明年3月中。

　　最新通过的法案与本周四未能在众议院通过的法案内容几乎相同，但删除了有关特朗普提出的取消或提高债务上限的部分。

　　此前，众议院已经在周五早些时候以366票对34票的投票结果通过了该提案，赞成票远高于特殊快速程序所需的三分之二门槛。

　　该法案的通过，也标志着众议院议长迈克・约翰逊(Mike Johnson)本周第三次尝试避免政府关门的努力，终于得以实现。尽管人们对早先的两党协议被否决仍感到愤怒，且约翰逊几乎没有多少时间能和民主党人“通气”，不过该法案最终还是获得了民主党的大力支持。

　　据悉，周五获得批准的这项提案将把政府资金延长至3月14日，同时还将提供超过1,000亿美元的灾难救济和100亿美元的农民经济援助。该法案还包括将农业法案延长一年，该法案是美国食品和农业政策的基石。

　　但有关特朗普提出的冻结债务上限的部分在新法案中被删除。此前，特朗普曾告诉共和党人，他希望看到该法案提高或取消美国的债务上限。特朗普表示，债务上限必须定期调整，这样美国政府才能继续向其债权人付款并避免违约。

　　不过，涵盖了暂停执行美国政府借款上限两年的上份提案，在众议院表决中却遭到了惨败――以174票赞成、235票反对的表决结果被否决。总共有38名共和党人投票反对该法案，其中大多数是财政鹰派人士，几乎所有民主党人也都投了反对票。赞成票远未达到特别快速通道程序需要的三分之二的绝对多数票。

　　至关重要的是，当时的法案也未能在共和党控制的众议院获得简单多数支持票，这使其随后再次被提交到众议院的可能性变得渺茫，众议长约翰逊随后也不得不删除了有关债务上限的部分。

　　约翰逊周五表示，国会立法者将在一月份再研究债务上限问题。他表示，共和党明年将拥有更大的权力影响政府支出，届时他们将在国会两院占据多数席位，并且特朗普将入主白宫。

　　而无论如何，虽然“超时”了约半小时，但此番美国驴象两党终究还是在最后关头避免了政府实际陷入停摆的命运。

　　政府停摆将导致数十万联邦雇员无薪休假，一系列政府职能将受到限制。美国旅游业的贸易组织近期曾警告称，政府停摆可能使航空公司、酒店和其他公司每周损失10亿美元，并导致繁忙的圣诞节期间出现大面积混乱。

　　值得一提的是，美国政府上一次遭遇长时间停摆，就发生在候任总统特朗普的首个任期内――2018年12月至2019年1月。当时的那次政府关门持续了35天，也是美国历史上停摆时间最长的一次。那次政府关门的主要原因是关于边境墙资金的争议，特朗普总统要求国会为美墨边境墙提供资金，而民主党则拒绝满足这一要求。

　　长期以来，财政问题都是美国两党党争的重要筹码。由于民主、共和两党之间争斗不断，自1976年美国国会正式执行预算程序以来，美国联邦政府已经经历了多达21次停摆。

　　全新妙想投研助理，立即体验"
东方财富,全球导读,压轴大作！OpenAI推出o3模型系列：AGI评测最佳成绩达到惊人的87.5% 人类水平的门槛为85%,当地时间12月20日周五，在为期12个工作日的线上新品发布活动最后一日，OpenAI宣布了“压轴大作”：o1的下一代模型o3，而且一开始就要推出两个版本，一个正式的o3，还有一个相对较小的精简版o3-mini。OpenAI的CEOSamAltman在直播中提到，OpenAI本次12日的活动第一天官宣了上线正式版o1、所谓满血o1。,"　　全新妙想投研助理，立即体验

　　当地时间12月20日周五，在为期12个工作日的线上新品发布活动最后一日，OpenAI宣布了“压轴大作”：o1的下一代模型o3，而且一开始就要推出两个版本，一个正式的o3，还有一个相对较小的精简版o3-mini。

　　OpenAI的CEO Sam Altman在直播中提到，OpenAI本次12日的活动第一天官宣了上线正式版o1、所谓满血o1。活动最后一天又有o3亮相，首尾都由介绍推理模型呼应，也算是一种精心设计。

　　逻辑上说，o1的下一代应该命名为o2，至于为什么新模型叫o3，之前报道称，OpenAI是为了避免和名为O2的英国电信服务商冲突。Altman也确认了这点，说出于对O2的尊敬，并没有起同样的名字。

　　直播中，Altman称o3是“一个非常、非常聪明的模型”。OpenAi的评估结果也显示，无论在软件工程、编写代码，还是竞赛数学、掌握人类博士级别的自然科学知识能力方面，o3都明显高出o1一筹。同时测试显示，o3在OpenAI实现通用人工智能（AGI）这一奋斗目标上取得了突破，最高的测试成绩达到了类人水平。

　　今年9月，OpenAI发布o1的预览版o1 preview时称，o1是第一个具备真正通用推理能力的大模型，它的核心能力推理在测试化学、物理和生物学专业知识的基准GPQA-diamond上得到了充分体现。据OpenAI评估，o1在该测试中全面超过了人类博士专家，准确率达到78.3%，而人类专家的得分为69.7%。

　　在12月20日的直播中，OpenAI展示了o3的测评表现：

　　根据OpenAI8月推出的SWE-bench Verified代码生成评估基准，在软件工程的能力测评中，o3的准确度得分71.7，即准确率71.7%，远超得分48.9的o1和得分41.3的o1 preview。也就是说，o3的准确率比o1正式版高将近47%，比o1预览版高将近74%。

　　在竞争性编程网站Codeforces的竞争性代码测评中，o3取得2727的Elo评分，o1评分1891，o1 preview评分1258。这个测评结果显示，竞争性代码方面，o3的评分比o1正式版高44%，是o1预览版的两倍多。

　　经过2024年AIME数学竞赛的题目测试，o3的准确度得分为96.7、即准确率96.7%，大幅度超过了o1预览版的56.7和o1的83.3%，仅错了一道题，相当于一名顶级数学家的水平。从竞赛数学的角度看，o3的准确率比o1正式版高15%，比o1预览版高近71%。

　　以人类博士专家的测试考验，在测试化学、物理和生物学专业知识的基准GPQA-diamond上，o3的准确度得分为87.7，即准确率87.7%，o1和o1 preview分别得分78.0和78.3。o3的准确率比o1高将近13%，比o1预览版高12%。

　　OpenAI周五还展示了，o3的推理能力已经更加接近实现AGI。

　　以100%为最高分的ARC-AGI评估结果显示，o1的得分在25%到32%，而o3的最低成绩为75.7%，最高成绩为87.5%。从这个结果看，o3的最佳成绩超过了标志着达到人类水平的门槛85%。

　　创始ARC-AGI标准的前谷歌高级工程师、AI研究员Franois Chollet表示，OpenAI这些推理模型在AGI测试中取得进步是“稳健的”。

　　Chollet周五在社交媒体X发帖，公布了同OpenAI合作进行的ARC-AGI测试结果，称“我们相信这代表了让AI适应新任务的重大突破。”

　　与o3模型相比，o3Mini模型在性能与成本平衡方面表现出色，能够以较低的成本提供高效的服务。

　　在编码评估方面，o3Mini模型展现出了出色的性能提升。在CodeForces的评估中，随着思考时间的增加，o3Mini模型的表现不断提升，逐渐超越了o1Mini模型。

　　在中位思考时间下，o3Mini模型的性能甚至优于o1模型，能够以大约一个数量级的更低成本提供相当甚至更好的代码性能。这意味着开发人员可以在不增加过多成本的情况下，获得更高效的编程辅助，提高开发效率，降低开发成本。

　　在数学能力测试中，o3Mini模型在2024年数据集上表现出色。o3Mini低模型的性能与o1Mini相当，而o3Mini中位数模型则取得了比o1更好的性能。在处理诸如GPQA等困难数据集时，o3Mini模型也能展现出一定的优势，实现了接近即时响应的效果。

　　此外，o3Mini模型支持函数调用、结构化输出、开发者消息等一系列功能，与O1模型相当。在实际应用中，o3Mini模型在大多数评估中实现了可比或更好的性能。

　　在现场演示中，o3Mini模型的强大功能得到了直观展示。例如，在一项任务中，模型被要求使用Python实现一个代码生成器和执行器。当启动运行该Python脚本后，模型成功启动了本地服务器，并生成了包含文本框的用户界面。

　　用户在文本框中输入编码请求后，模型能够迅速将请求发送至API，并自动解决任务，生成代码并保存至桌面，随后自动打开终端执行代码。整个过程复杂且涉及大量代码处理，但o3 Mini模型在低推理努力模式下依然表现出了极快的处理效率。

　　虽然o3的测评看上去表现惊艳，但OpenAI应该不会很快面向大众上线这款新的超级推理模型。

　　从12月20日开始，OpenAI允许安全研究人员可以注册访问o3 和 o3-mini的预览。OpenAI的一名发言人称，OpenAI计划明年初正式发布这些新的o3模型。"
东方财富,全球导读,巴菲特连续三天“疯狂购物” 西方石油一度跳涨逾5%,监管文件显示，“股神”沃伦・巴菲特临近圣诞节时在美股进行了一场疯狂购物，在市场疲软时增持了西方石油等股票。根据当地时间周四（12月19日）深夜提交的监管文件，伯克希尔-哈撒韦公司在周二、周三和周四三天内，购买了西方石油（股票代码：OXY）、SiriusXM（SIRI）和威瑞信（VeriSign，VRSN）三家公司的股票。,"　　在东方财富看资讯行情，选东方财富证券一站式开户交易>>

　　监管文件显示，“股神”沃伦・巴菲特临近圣诞节时在美股进行了一场疯狂购物，在市场疲软时增持了西方石油等股票。

　　根据当地时间周四（12月19日）深夜提交的监管文件，伯克希尔-哈撒韦公司在周二、周三和周四三天内，购买了西方石油（股票代码：OXY）、Sirius XM（SIRI）和威瑞信（VeriSign，VRSN）三家公司的股票。

　　其中，伯克希尔以4.05亿美元的价格增持了近890万股西方石油，使其对后者的持股比例超过28%。

　　另外，伯克希尔还以约1.13亿美元购买了约500万股Sirius XM，以约4500万美元买了约23.4万股威瑞信。

　　分析认为，与西方石油的交易相比，Sirius XM和威瑞信的规模要小得多，可能是由巴菲特的投资副手Todd Combs和Ted Weschler进行的，他们管理着伯克希尔的一些投资。

　　整体来看，伯克希尔在三天内买入了价值超过5.6亿美元的股票，并且西方石油和Sirius XM都买在了近年来的低位，或许意味着“股神”认为这两只已经是廉价的股票。

　　截至发稿，西方石油股价已涨超5%，但本月仍累跌逾5%，一度录得2022年3月以来的低位。Sirius XM的表现更加糟糕，该股日内涨近10%，但年内累跌57%，本月一度创下2012年以来的新低。

　　目前，西方石油是伯克希尔第六大持仓股，落后于苹果、美国运通、美国银行、可口可乐和雪佛龙。巴菲特曾表示，伯克希尔无意完全收购西方石油。

　　根据上月提交的报告，伯克希尔连续第八个季度净卖出股票，另外公司第三季度没有回购任何股票，这是自2018年以来的首次。当时有分析认为，伯克希尔积累现金可能是一个警告信号。

　　巴菲特本次出手可能也意味着，“股神”对市场的情绪有所反转，加仓西方石油的举动可能代表他在传统能源领域又看到了潜在的机会。

　　巴菲特曾提及，由于ESG（环境、社会和治理）问题和投资者对传统能源行业的冷漠，石油行业的价值在过去几十年中被长期低估。

　　不过，随着特朗普即将上台，美国的能源政策与ESG政策可能会面临翻天覆地的变化。相比于拜登政府在推进ESG披露方面的建树，特朗普旗帜鲜明地反对环保等相关议题。"
东方财富,全球导读,这国政局突变！股市汇市大举遭抛售！,外资猛烈抛售韩国资产。据最新的统计数据，紧急戒严事件后的两周时间，外国投资者在韩国主板市场就净抛售了约2.4万亿韩元（约合人民币120亿元）。另据韩国金融监督院发布的《11月外国人证券投资动向》，今年11月，外国投资者在韩国证券市场净卖出4.154万亿韩元，连续4个月净抛售韩国股票。意味着，韩国股市或将连续5个月遭遇外资抛售。与此同时，韩元也正在遭遇抛售潮。,"　　全新妙想投研助理，立即体验

　　外资猛烈抛售韩国资产。


　　据最新的统计数据，紧急戒严事件后的两周时间，外国投资者在韩国主板市场就净抛售了约2.4万亿韩元（约合人民币120亿元）。另据韩国金融监督院发布的《11月外国人证券投资动向》，今年11月，外国投资者在韩国证券市场净卖出4.154万亿韩元，连续4个月净抛售韩国股票。意味着，韩国股市或将连续5个月遭遇外资抛售。

　　与此同时，韩元也正在遭遇抛售潮。12月20日，韩元兑美元汇率一度失守1452，创下全球金融危机以来的最低值。

　　此外，据韩联社20日报道，韩国警察厅下属国家调查本部特别调查团对代行总统职权的国务总理韩德洙展开非公开调查。

　　分析人士认为，除了政局动荡以外，外资持续抛售韩国资产的主要原因还包括，韩国经济的阵阵寒意、未来特朗普政府的关税政策等。韩国央行行长李昌镛在最新的讲话中表示，今年韩国经济增长率很有可能未达预期（2.2%），具体是2.0%还是2.1%还有待观察。

　　猛烈抛售

　　自本月初韩国总统尹锡悦宣布紧急戒严以来，已过去两周多，其间韩国股市和汇市都出现剧烈波动。据最新的统计数据，紧急戒严事件后的两周时间，外国投资者在韩国主板市场就净抛售了约2.4万亿韩元（约合人民币120亿元）。

　　另据韩国金融监督院发布的《11月外国人证券投资动向》，今年11月，外国投资者在韩国证券市场净卖出4.154万亿韩元（约合人民币209亿元），连续4个月净抛售韩国股票。根据报告，外国投资者在有价证券市场净卖出4.237万亿韩元。从国家（地区）来看，美国（1.6万亿韩元）、欧洲（9000亿韩元）、亚洲（5000亿韩元）等地的净卖出规模较大。

　　意味着，韩国股市或将连续5个月遭遇外资抛售。

　　反映到市场层面，截至12月20日收盘，韩国综合指数跌1.3%，月内累计跌幅扩大至2.11%。而在此前，韩国综合指数已连跌5个月。

　　面对韩国资本市场的动荡，韩国经济副总理兼企划财政部长官崔相穆与韩国央行行长李昌镛、金融委员会委员长金秉焕、金融监督院院长李卜铉正密集召开会议，讨论金融与外汇市场的动态和应对方案。

　　尽管围绕尹锡悦的政治动荡开始缓解，但韩国分析人士预测韩国市场短期内会反弹，但不会持续复苏。DB Financial Investment 分析师表示：“韩国的出口增长正在放缓，国内股市可能只会出现暂时的反弹，而不是持续上涨。”

　　值得注意的是，随着投资者对资本市场的不安情绪扩散，韩国出现了淘金热。据韩国交易所的最新数据，从戒严令公布的第二天（12月4日）到12月17日的10个工作日内，个人投资者大量购买金条，购买金额约为640亿韩元（约合人民币3.2亿元）。

　　韩国经济的阴霾

　　分析人士认为，除了政局动荡以外，外资持续抛售韩国股票的主要原因还包括，韩国经济的阵阵寒意、特朗普政府的关税政策等。

　　在戒严令风波发生前，韩国央行已将韩国2024年经济增长率预测值从2.4%下调至2.2%，将2025年经济增长率预测值从2.1%下调至1.9%。如今随着国内外的不确定性加剧，再叠加内需低迷、韩元疲弱以及消费萎缩等多重因素，韩国经济在2024年末再次面对复杂且艰巨的考验。

　　韩国央行行长李昌镛在最新的讲话中表示，今年韩国经济增长率很有可能未达预期（2.2%），具体是2.0%还是2.1%还有待观察。

　　12月20日，韩元兑美元汇率一度失守1452，创下全球金融危机以来的最低值。

　　韩国智库韩国开发研究院在最新的报告中警告称：“韩国经济的不确定性正在增加。消费和建筑投资持续低迷，将限制内需复苏。”

　　韩国的外部经济环境同样令人担忧。美国贸易保护主义政策的延续与世界主要经济体经济增长放缓，使以出口为导向的韩国经济承受更大的压力。国际信用评级机构和投资银行已下调了韩国的增长率预测，预计2024年韩国经济增长率可能降至2%以下。

　　如果美联储降息节奏放缓成为现实，韩国央行的基准利率下调政策也将受到制约。试图通过降息激活内需的努力，可能与韩元和美元间利率差过大的担忧产生冲突，这将带来政策应对的两难局面。

　　分析认为，当前来看，韩国国内的不确定性还是被束缚在宪法框架内，从中长期来看，对韩国经济而言，外部影响性更大。

　　据韩联社18日报道，韩国政府经济与外交负责人当天共同召开记者会，呼吁各方支持韩国。

　　崔相穆表示，韩国过去也曾经历类似的政治难关，但“我们将依靠具有强大韧性的经济体系抵御风险冲击，迅速恢复稳定”。崔相穆还呼吁外媒“要一如既往地支持和相信韩国经济”。

　　报道称，韩国政府财政与外交负责人面向外媒记者举行联合记者会的情况十分罕见。记者会的目的在于阐述政府方针，最大限度降低戒严事件和总统弹劾案对韩国经济与外交造成的影响，缓解因此造成的信任危机。"
东方财富,全球导读,最新！特斯拉因这一问题召回近70万辆汽车！涉及这些车型,据央视新闻12月21日消息，央视记者当地时间12月20日获悉，特斯拉因轮胎压力监测系统警告灯存在问题，召回了近70万辆汽车。根据美国国家公路交通安全管理局发布的信件，此次召回涉及部分2024年款电动皮卡（Cybertruck）、2017-2025年款Model3和2020-2025年款ModelY车型。,"　　炒股第一步，先开个股票账户

　　据央视新闻12月21日消息，央视记者当地时间12月20日获悉，特斯拉因轮胎压力监测系统警告灯存在问题，召回了近70万辆汽车。


　　根据美国国家公路交通安全管理局发布的信件，此次召回涉及部分2024年款电动皮卡（Cybertruck）、2017-2025年款Model 3和2020-2025年款Model Y车型。

　　据悉，这些车辆的轮胎压力监测系统警告灯可能在两次驾驶周期之间未能持续亮起，无法提醒驾驶员轮胎气压过低。驾驶时轮胎气压不当会增加发生事故的风险。

　　特斯拉表示，已提供免费的软件更新以解决该问题。

　　特斯拉此前也因为各种问题，多次召回。

　　央视财经8月22日消息，美国国家公路交通安全管理局表示，特斯拉将在美国召回超过九千辆Model X电动汽车，原因是这些车辆车顶上的一处装饰可能会脱落，增加发生车祸的风险。而这也是特斯拉十分罕见的一次实体召回，此前其主要通过无线软件更新来解决汽车问题。

　　根据召回管理平台开发商Bizzycar的数据，今年上半年，由于安全问题，特斯拉在美国共召回了近260万辆汽车，仅次于福特汽车。

　　7月30日，据美国国家公路交通安全管理局（NHTSA）通报，特斯拉发起大规模召回，此次召回涉及2021年至2024年的Model 3、Model S、Model X以及2020年至2024年的Model Y车型，共计184.96万辆。

　　此次特斯拉大规模召回原因是软件可能无法检测到引擎盖未锁，而未锁的引擎盖可能会完全打开，阻碍驾驶员的视线并增加发生碰撞的风险。此次召回将通过远程升级（OTA）完成。

　　另据国家市场监督管理总局8月6日晚间消息，特斯拉汽车（北京）有限公司、特斯拉（上海）有限公司根据《缺陷汽车产品召回管理条例》和《缺陷汽车产品召回管理条例实施办法》的要求，向市场监管总局备案了召回计划：

　　召回生产日期在2020年10月15日至2024年7月17日期间的部分进口Model S、Model X及国产Model 3、Model Y电动汽车，共计1683627辆。

　　本次召回范围内的部分车辆，在前备箱盖解锁后，前备箱闩锁总成系统可能无法检测到前备箱盖处于解锁状态，车辆无法发出“前备箱未锁紧”的提示，极端情况下可能导致车辆行驶时前备箱盖掀开，影响驾驶员视野，增加车辆发生碰撞的风险，存在安全隐患。

　　特斯拉汽车（北京）有限公司、特斯拉（上海）有限公司将通过汽车远程升级（OTA）技术为召回范围内的车辆免费升级软件，升级后的车辆可以识别前备箱闩锁的故障状态，并发出“前备箱未锁紧”的文字和蜂鸣提示。同时，对检测发现前备箱闩锁存在故障的车辆进行免费修复，以消除安全隐患。对于无法通过OTA技术升级的车辆，将通过特斯拉服务中心联系相关用户实施召回。

　　全新妙想投研助理，立即体验"
东方财富,全球导读,美元存款利率下调 预计美联储降息步伐放缓,中国证券报记者调研了解到，已有恒生银行、江苏银行等银行预防式下调了美元存款利率。此前，北京时间12月19日凌晨，美联储宣布将联邦基金利率的目标区间从4.5%―4.75%下调至4.25%―4.50%，下调25个基点。,"　　全新妙想投研助理，立即体验

　　中国证券报记者调研了解到，已有恒生银行、江苏银行等银行预防式下调了美元存款利率。

　　此前，北京时间12月19日凌晨，美联储宣布将联邦基金利率的目标区间从4.5%―4.75%下调至4.25%―4.50%，下调25个基点。

　　多家银行预防性下调

　　“我行这周刚下调了美元存款利率，目前2万美元起存的3个月、6个月、1年期定存优惠利率分别是4.3%、4.1%、4.0%，上周3个月的定存利率还是4.4%。我行每周调整一次利率，下周不知是否还会继续下调。”恒生银行某客户经理表示。

　　“当前我行2000美元起存的1个月、3个月、6个月、1年期定存利率分别为4.35%、4.2%、4.1%、4.1%，1万美元起存的1个月、3个月、6个月、1年期定存利率分别为4.5%、4.4%、4.3%、4.2%。近期美元存款利率一直在降，上个月1万美元起存的3个月、6个月、1年期的美元存款利率还是4.45%、4.35%、4.25%。”江苏银行某客户经理表示，该行美元定期存款按照期数发行，最新一期的利率执行到12月23日，12月23日后会出最新一期美元存款利率。

　　汇丰银行、北京银行等银行客户经理则表示，预计美元存款利率后续还会再降。

　　“目前我行2万美元起存的1个月、3个月、6个月、1年期定存利率分别为4%、3.7%、3.5%、2.8%。我行每月初调整美元存款利率，预计下月还会降。”汇丰银行某客户经理表示。

　　北京银行南纬路支行客户经理也告诉记者，当前6个月、1年期美元存款利率分别为4%、3.8%，预计往后还会再降。

　　预计降息步伐放缓

　　9月以来，美联储已连续三次降息，且美联储表态，预计2025年降息幅度或收窄至50个基点。

　　“美联储12月会议声明与11月的差别，主要是两个方面，一是美联储对后续降息更为审慎，明确表达降息节奏放缓的信号。鲍威尔在发布会上也表示，当前进入新阶段，对进一步降息更为慎重。2025年1月预计暂停降息，3月是否降息取决于后续的通胀数据是否出现持续改善。二是克利夫兰联储主席哈马克反对此次降息25个基点，而上次会议为一致同意降息。”华西证券首席宏观分析师肖金川表示。

　　DWS首席美国经济学家Christian Scherrmann就美国12月议息会议发表评论称，近期美国的经济数据好坏参半，虽然劳动力市场看似波动中趋于疲软，但通胀仍然表现顽固。最新的11月份消费者物价指数符合预期，虽然显示价格涨幅持续放缓，但近几个月势头显然有所减弱。尽管如此，遏制通胀仍取得一定进展，进一步降息的机会仍然存在，但同时预计美联储在12月会议后将放慢降息步伐。

　　想炒股，先开户！选东方财富证券，行情交易一个APP搞定>>"
东方财富,全球导读,事关降息！多位美联储官员最新发声,多位美联储官员就降息前景表态。当地时间12月20日，美股三大股指集体收涨。截至收盘，道指涨1.18%，纳指涨1.03%，标普500指数涨1.09%。经济数据方面，美国11月核心PCE物价指数同比增长2.80%，预期增长2.90%，前值增长2.80%。多位美联储官员最新发声当地时间12月20日（周五），美股三大股指集体收涨。,"　　多位美联储官员就降息前景表态。

　　当地时间12月20日，美股三大股指集体收涨。截至收盘，道指涨1.18%，纳指涨1.03%，标普500指数涨1.09%。

　　经济数据方面，美国11月核心PCE物价指数同比增长2.80%，预期增长2.90%，前值增长2.80%。

　　多位美联储官员最新发声

　　当地时间12月20日（周五），美股三大股指集体收涨。截至收盘，道指涨498.02点，涨幅为1.18%，报42840.26点；纳指涨199.83点，涨幅为1.03%，报19572.60点；标普500指数涨63.77点，涨幅为1.09%，报5930.85点。

　　美股低开高走，三大指数收盘均涨超1%。道指本周累跌2.25%，录得周线3连跌，创10月下旬以来最大单周跌幅，标普500指数、纳指均创1个月以来最大单周跌幅。英伟达涨超3%，领涨大型科技股。诺和诺德大跌近18%，减肥药CagriSema试验结果不及预期。比特币盘中跌破93000美元，日内跌近4%。

　　全新妙想投研助理，立即体验

　　经济数据方面，美国11月核心PCE物价指数数据显示同比上涨2.80%，低于市场预期的2.90%，显示出通胀放缓的趋势。环比来看，核心PCE物价指数仅增长0.1%，也低于预期的0.2%，进一步验证了通胀压力逐渐减轻。


　　美联储官员对数据的解读为“经济降温迹象显现”，为未来的货币政策调整提供了支持。美联储副主席威廉姆斯指出，当前经济数据表明美国经济正在降温，劳动力市场的紧张局势正在缓解，预计基准路径是进一步降息。他还强调，美联储目前的政策立场“相当严格”，处于“有利位置”，并暗示中性利率水平可能会随时间发生变化。

　　不过根据周五多位美联储官员发表的观点，美联储内部关于是否立即降息、降息幅度的意见并不统一。克利夫兰联邦储备银行行长哈马克本周在美联储议息会议中投下了反对票，表示应维持利率稳定，直至通胀进一步回落。她认为，当前利率已经接近“中性水平”，不应急于进一步调整。“我倾向于保持政策不变，直到看到通胀率进一步回落至我们2%的目标。”哈马克在声明中指出。

　　与此不同的是，其他美联储官员则支持逐步降息。美联储古尔斯比表示，尽管近期通胀有所回升，但这种波动是暂时的，通胀目标仍然是2%。他预测，美联储可能会在2025年适度降息，预计利率在未来12到18个月内会有所下调。“当前的政策利率是限制性的，但并不十分严苛，因此美联储可能会继续降息。”古尔斯比解释道。

　　根据花旗经济学家安德鲁・霍伦霍斯特的分析，劳动力市场的放缓可能会推动美联储在接下来的会议上持续降息。霍伦霍斯特指出，尽管当前市场对美联储可能在2024年1月暂停降息的预期较强，但从通胀和失业数据来看，降息的动力仍然存在。

　　其他消息面上，市场对美国政府即将面临的停摆风险也保持高度关注。据央视新闻消息，当地时间12月20日，美国众议院投票通过了防止政府“停摆”的应急拨款法案。新法案将继续为美国政府提供运转资金直至明年3月，从而避免联邦政府部分机构在美国东部时间21日零点之后陷入“停摆”。

　　此外，美元指数下跌，衡量美元对六种主要货币的美元指数当天下跌0.73%，在汇市尾市收于107.622。截至纽约汇市尾市，1欧元兑换1.0445美元，高于前一交易日的1.0362美元；1英镑兑换1.2599美元，高于前一交易日的1.2505美元。

　　国际油价上涨，截至当天收盘，纽约商品交易所2025年2月交货的轻质原油期货价格上涨8美分，收于每桶69.46美元，涨幅为0.12%；2025年2月交货的伦敦布伦特原油期货价格上涨6美分，收于每桶72.94美元，涨幅为0.08%。

　　欧盟无条件批准英伟达收购以色列AI公司Run:ai

　　板块方面，标普500指数十一大板块全部收涨。其中，房地产板块以1.83%的涨幅领涨，医疗保健、金融板块等多个板块涨超1%。

　　热门科技股多数上涨。美光科技、英伟达涨超3%，英特尔涨超2%，苹果、高通、思科、谷歌A、台积电、德州仪器、博通、超微电脑涨超1%，奈飞、亚马逊、甲骨文、超威半导体小幅上涨，微软、阿斯麦小幅下跌，Meta跌超1%，特斯拉跌超3%。

　　英伟达涨3.08%。当地时间周五，欧盟委员会宣布无条件批准英伟达收购以色列初创公司Run:ai的交易。Run:ai专注于开发人工智能计算资源管理软件。欧盟表示，该交易不会对27个成员国的竞争产生威胁，尤其是在AI硬件市场中，英伟达作为领先生产商的地位不会影响市场竞争。欧盟新反垄断局长特雷莎・里贝拉表示，调查确认其他兼容英伟达硬件的软件仍将可供选择。

　　Run:ai自2020年以来与英伟达有紧密合作。该交易的金额未公开，但以色列媒体Calcalist估计交易价值为7亿美元。英伟达此前在以色列的最大交易为2020年以70亿美元收购Mellanox Technologies。此次收购获得欧盟批准，标志着英伟达在AI芯片市场的扩张进一步加速，尽管其市场主导地位已引发全球范围的关注和竞争压力。

　　谷歌A涨1.54%。日前，谷歌发布实验性的“Gemini 2.0 Flash Thinking”模型，这是谷歌首个AI推理模型。该模型能明确展现自己的思考过程，来解决复杂的问题，推理能力更强。该模型目前已在Google AI Studio和Vertex AI平台上线。谷歌表示，这只是推理之旅的第一步，未来这些推理能力可能会集成到Gemini 2.0系列主要模型中。

　　微软跌0.10%。由微软支持的OpenAI发布了下一代推理模型o3，这是今年早些时候发布的o1“推理”模型的最新版本。就像o1一样，o3是一个模型家族，o3-mini是一款更小的精简版模型，专门针对特定任务进行了微调。OpenAI声称，至少在某些条件下，o3可以接近实现AGI。OpenAI总裁格雷格・布罗克曼表示，最新的推理模型o3是一个突破，在最困难的基准上有了阶跃函数的改进。

　　Arm涨0.04%，高通涨1.66%。当地时间周五，美国特拉华州联邦法院的陪审团在Arm诉高通的案件中表示，针对其中一个问题仍未达成一致意见，案件仍在审议另外两个问题。Arm起诉高通要求销毁其在2021年以14亿美元收购的Nuvia芯片设计，这些技术成为高通进军个人电脑市场的基础。案件焦点在于Nuvia是否违反了与Arm的协议，以及高通是否获得了Arm的许可使用这些设计。陪审团表示，第一个问题关于Nuvia是否违反协议尚未达成一致，另外两个问题仍在讨论中。

　　特斯拉跌3.46%。特斯拉周五宣布召回694304辆美国市场的汽车，原因是轮胎压力监测系统（TPMS）存在问题。该系统的警告灯可能在多个驾驶周期之间未能保持亮起，无法提醒驾驶员轮胎气压过低。特斯拉表示，这一问题可能导致驾驶员使用气压不足的轮胎，从而增加发生事故的风险。受影响的车型包括Model 3、Model Y和Cybertruck，问题将通过空中软件更新进行修复。据召回管理公司BizzyCar统计，特斯拉在今年前三季度的召回量占美国总召回量的21%。

　　金融股多数上涨。地区金融、摩根士丹利、美国国际集团、高盛、富国银行涨超2%，摩根大通、美国运通涨近2%，美国银行、第一资本金融、旅行者保险、贝莱德、花旗集团、美国合众银行涨超1%，万事达、维萨涨近1%，瑞银集团小幅下跌，瑞穗金融、德意志银行跌超1%。

　　能源股涨多跌少。美国能源涨超7%，西方石油涨近4%，阿帕奇石油涨超2%，雪佛龙、杜克能源涨超1%，巴西石油、英国石油、埃克森美孚、墨菲石油小幅上涨，康菲石油、斯伦贝谢、壳牌小幅下跌，帝国石油跌超1%。

　　热门中概股涨跌不一，纳斯达克中国金龙指数涨0.53%。满帮、斗鱼、蔚来涨超3%，新东方涨超2%，唯品会、腾讯音乐涨超1%，爱奇艺、理想汽车涨近1%，富途控股、网易、百度小幅上涨，小鹏汽车、哔哩哔哩、京东小幅下跌，阿里巴巴跌超2%。

　　想炒股，先开户！选东方财富证券，行情交易一个APP搞定>>"
东方财富,全球导读,突发！俄罗斯遭袭！俄乌局势波诡云谲,俄乌局势波诡云谲。据最新消息，当地时间12月20日，俄罗斯库尔斯克州代州长称，当天该州雷利斯克市遭导弹袭击，据初步统计，已确认6人遇难，其中包括1名儿童。俄罗斯侦查委员会发布公告称，乌克兰武装部队使用远程武器对库尔斯克州的雷利斯克市进行了导弹袭击，袭击目标明确针对民用设施。关键时刻，特朗普对援乌的态度突然转变。,"　　全新妙想投研助理，立即体验

　　俄乌局势波诡云谲。

　　据最新消息，当地时间12月20日，俄罗斯库尔斯克州代州长称，当天该州雷利斯克市遭导弹袭击，据初步统计，已确认6人遇难，其中包括1名儿童。俄罗斯侦查委员会发布公告称，乌克兰武装部队使用远程武器对库尔斯克州的雷利斯克市进行了导弹袭击，袭击目标明确针对民用设施。

　　关键时刻，特朗普对援乌的态度突然转变。据英国《金融时报》最新报道，美国当选总统特朗普的团队向欧洲官员透露，特朗普将要求北约成员国将国防开支提高至GDP的5%，并计划继续向乌克兰提供军事援助。

　　俄罗斯外交部副部长格鲁什科在最新的采访中警告称，北约正在为与俄罗斯的武装冲突做准备，美国及其盟友拒绝了俄罗斯提出的加强军事安全的建议，北约的侵略性行为及其对俄罗斯安全的直接威胁，已被纳入俄罗斯的军事建设和国防规划的考量范围。

　　俄罗斯遭袭

　　据央视新闻客户端，当地时间12月20日，俄罗斯库尔斯克州代州长称，当天该州雷利斯克市遭导弹袭击，根据初步统计，已确认6人遇难，其中包括1名儿童。雷利斯克地区中心医院已接收10名伤者，其中包括一名13岁的孩子。

　　据悉，当地文化宫、一所小学、一所大学的教学楼与宿舍楼，多家公司办公楼、婚姻登记处以及三栋多层住宅楼受损。此外，数间私人房屋和约15辆汽车受损。

　　据俄罗斯“Mash”新闻网站报道，当地时间20日，乌克兰武装部队使用多枚配备集束弹头的导弹对俄罗斯库尔斯克州的雷利斯克市进行袭击。消息称，这些导弹被防空系统拦截，但是其中一枚弹头释放了大约17个子弹药，导致约10辆汽车起火。

　　当天稍早前，俄罗斯侦查委员会发布公告称，乌克兰武装部队使用远程武器对库尔斯克州的雷利斯克市进行了导弹袭击，袭击目标明确针对民用设施。俄罗斯侦查委员会已经对该起事件进行刑事立案。

　　另据参考消息援引俄罗斯卫星社报道，俄罗斯国防部20日表示，为回应基辅袭击俄南部罗斯托夫州的化工厂，俄武装部队当天使用远程武器对乌克兰实施了大规模打击。

　　报道提及，俄方19日称，基辅使用六枚美国陆军战术导弹系统（ATACMS）导弹和四枚英国“风暴之影”巡航导弹对罗斯托夫州卡缅斯基化工厂发动袭击。

　　报道称，俄罗斯国防部20日在一份声明中表示：“为了回应基辅政权在其西方监护人支持下采取的行动，今天上午，俄罗斯对乌克兰安全局指挥设施、基辅‘射线’设计局以及‘爱国者’防空导弹系统的阵地进行了大规模远程精确武器打击。‘射线’设计局设计和制造了‘海王星’导弹系统和‘赤杨’多管火箭炮系统等。”

　　声明还称，袭击行动取得成功，所有目标均被击中。

　　报道提及，乌克兰军方称，当地时间20日7时左右，俄罗斯使用“匕首”高超音速导弹等武器袭击了基辅三个区的建筑物和基础设施，造成一人死亡。

　　特朗普大动作

　　据英国《金融时报》最新报道，美国当选总统特朗普的团队向欧洲官员透露，特朗普将要求北约成员国将国防开支提高至GDP的5%，并计划继续向乌克兰提供军事援助。

　　报道称，据知情人士透露，特朗普最信任的外交政策顾问本月在与高级欧洲官员的讨论中分享了他的计划，涉及特朗普对乌克兰问题和北约的立场。

　　据悉，特朗普计划在就职后维持对乌克兰的军事援助。同时，他将要求北约成员国将国防开支提高到占GDP的5%的水平。

　　根据北约规定，成员国每年的国防开支至少要占GDP的2%。然而，许多北约成员国多年来都未能实现该目标，特朗普在第一任期就对此非常不满。

　　一位消息人士透露，据其了解，特朗普会满足于3.5%的目标，而且他正计划将更高的国防开支与提供更优惠的贸易条件挂钩。

　　北约成员国目前正在讨论在明年6月的峰会上将国防开支目标提升至3%，但许多成员国担心，这样做将需要做出艰难的财政决策。

　　据白宫管理和预算办公室称，美国在2024年的国防开支预计约为GDP的3.1%。在特朗普第一任期的最后一年（2020年），美国国防支出达到了GDP的3.4%。

　　周三，法国、英国、德国、意大利和波兰等北约成员国在布鲁塞尔会见了北约秘书长马克・吕特和乌克兰总统泽连斯基，讨论欧洲将如何调整国防政策以应对特朗普的回归。

　　德国总理朔尔茨周四与特朗普通了电话，朔尔茨随后对媒体表示，他“非常有信心美国和欧洲将继续支持乌克兰”。本月早些时候，英国高级安全官员曾前往华盛顿评估特朗普的计划。

　　他们补充称，尽管特朗普仍认为乌克兰不应加入北约，并希望立即结束冲突，但他也认为，在停火后向乌克兰提供武器将确保“以实力促和平”的结果。

　　在竞选总统期间，特朗普誓言要切断对乌克兰的援助，迫使基辅立即进行和平谈判，这让欧洲各国政府感到恐慌。

　　英国《金融时报》称，目前特朗普打算在就职后继续向基辅提供军事供应，这对那些深感担忧的盟友来说是一个鼓舞，因为他们对自己在没有华盛顿支持的情况下支持和保护乌克兰的能力感到担忧。

　　俄罗斯警告

　　据央视新闻，俄罗斯《共青团真理报》12月20日刊登了对俄罗斯外交部副部长格鲁什科的采访。格鲁什科在采访中表示，俄罗斯始终奉行避免直接冲突的政策。俄罗斯通过展示军事实力等做法，发出了关于“较量”可能产生的后果的信号，对方已经收到了该信号。

　　格鲁什科指出，北约长期将俄罗斯视为“对盟友安全最重大的直接威胁”。北约不断扩大其靠近俄罗斯边界的军事力量规模，组织军事演习，发展后勤基础设施，制定区域防御计划，这些计划在很大程度上借鉴了冷战时期的策略。

　　格鲁什科认为，北约正在为与俄罗斯的武装冲突做准备，美国及其盟友拒绝了俄罗斯提出的加强军事安全的建议，北约的侵略性行为及其对俄罗斯安全的直接威胁，已被纳入俄罗斯的军事建设和国防规划的考量范围。格鲁什科强调，俄罗斯的安全在任何情况下都将得到保障。

　　在此之前，俄罗斯国防部长别洛乌索夫也表示，莫斯科必须做好未来十年在欧洲与北约军事联盟作战的准备。

　　他列举了美国计划对其核力量进行现代化改造、美国在波兰设立导弹防御基地、北约制定新的战备计划，以及北约峰会上宣布的2026年在德国部署美国中程导弹的计划。

　　他还表示，美国可能很快就会拥有可以在八分钟内到达莫斯科的高超音速导弹。"
东方财富,全球导读,马斯克为德国极右政党站台 被批干预德大选,当地时间周五（12月20日），世界首富埃隆・马斯克公开支持德国极右政党德国选择党（AfD），此举遭到了德国政坛的抨击，马斯克被批干预德国大选。马斯克周五在社交媒体X平台上转发了德国右翼活动人士的一段视频，并配文称：“只有AfD才能拯救德国。”马斯克转发的视频来自德国右翼人士NaomiSeibt，这段视频批评了基民盟领导人弗里德里希・梅尔茨，还赞扬了阿根廷总统米莱。,"　　全新妙想投研助理，立即体验

　　当地时间周五（12月20日），世界首富埃隆・马斯克公开支持德国极右政党德国选择党（AfD），此举遭到了德国政坛的抨击，马斯克被批干预德国大选。

　　马斯克周五在社交媒体X平台上转发了德国右翼活动人士的一段视频，并配文称：“只有AfD才能拯救德国。”

　　马斯克转发的视频来自德国右翼人士Naomi Seibt，这段视频批评了基民盟领导人弗里德里希・梅尔茨，还赞扬了阿根廷总统米莱。由于基民盟在民调中领跑，梅尔茨最有可能成为下一任德国总理。

　　AfD领导人爱丽丝・魏德尔积极回应了马斯克的支持，她在X平台上发布了一段视频，并声称AfD确实是德国唯一的选择。

　　德国选择党成立于2013年，该党反对欧洲一体化和欧盟，并反对移民。德国国内情报部门已将AfD列为疑似极端主义组织。

　　德国总理朔尔茨领导的联合政府于上月垮台，德国定于明年2月23日举行选举。民调显示，AfD可能获得约19%的选票，仅次于基民盟，后者预计将赢得约30%的选票。不过，德国主流政党已达成共识，不会与AfD在中央或地方合组联合政府。

　　德国政坛批马斯克干预选举

　　在马斯克为AfD站台后，德国卫生部长Karl Lauterbach谴责他干预该国选举。Kauterbach表示，马斯克的行为“有失体面且非常具有问题”。

　　Kauterbach呼吁当局密切关注X平台的动向，他说，X平台越来越多地被用来传播马斯克的政治立场和目标，这非常令人不安。

　　朔尔茨周五也间接回应了马斯克的言论，他说：“我们有言论自由，这也适用于亿万富翁。言论自由意味着人们可以说出一些并不正确的话，以及不明智的政治建议。”

　　德国前欧洲议会议员Elmar brokk则批评马斯克的言论是“美国科技之王统治世界的幻想”。

　　最直接的回应来自德国自由民主党领导人克里斯蒂安・林德纳，他因与朔尔茨在财政管理问题上的分歧被解除了财政部长职务。

　　林德纳在X上写道：“埃隆，我发起了一场政策辩论，灵感来自你和米勒的想法。虽然移民控制对德国至关重要，但AfD反对自由和商业，它是一个极右翼极端主义政党。不要急于下结论。我们见个面吧，我会告诉你自由民主党代表什么。”"
东方财富,全球导读,圣诞蛋贵！美国鸡蛋价格创历史新高 但这可能只是一个开始,圣诞节将至，去超市囤货的美国股民们又要面对昂贵蛋价的冲击。更重要的是，随着特朗普即将入主白宫，叠加供需关系持续紧张，这一轮鸡蛋价格上涨似乎还看不到头。根据商品数据公司Expana的报告，本周美国中西部大号鸡蛋的批发价格来到每打5.57美元，较去年同期上涨150%，突破2022年12月5.46美元的前纪录。,"　　炒股第一步，先开个股票账户

　　圣诞节将至，去超市囤货的美国股民们又要面对昂贵蛋价的冲击。更重要的是，随着特朗普即将入主白宫，叠加供需关系持续紧张，这一轮鸡蛋价格上涨似乎还看不到头。

　　根据商品数据公司Expana的报告，本周美国中西部大号鸡蛋的批发价格来到每打5.57美元，较去年同期上涨150%，突破2022年12月5.46美元的前纪录。

　　更夸张的是加利福尼亚州，由于当地不允许农民把母鸡放在笼子里养，所以供应紧张的问题更加严重。本周加州的蛋价创下每打8.85美元的惊人新高。

　　未来可能进一步上涨

　　Expana的鸡蛋类目主管编辑Karyn Rispoli解读称，由于许多零售商不想在年末最繁忙的假日季吓跑消费者，所以涨价速度会偏慢一些，这意味着新年后消费者看到的蛋价还会上升。

　　在这一轮价格上涨中，禽流感对产蛋母鸡的冲击是主要原因。自2022年这一轮疫情开始，美国已经在49个州灭杀了1.23亿只家禽。

　　根据美国农业部的数据，今年10月美国蛋鸡数量同比下降3%，总数约为3.15亿只，产蛋量同比下降4%。

　　另有数据显示，今年因为禽流感扑杀的3500万只商业蛋鸡中，近一半是在过去3个月里被查出感染病毒。在美国最大的产蛋州爱荷华，工人们正在处理本月检测呈阳性的420万只母鸡。

　　与此同时，野生鸟类也可以将禽流感病毒传播给家畜。今年奶牛群之间的禽流感疫情增加了农场送货卡车携带病毒传播给家禽养殖场的风险。

　　禽流感肆虐的另一个佐证，是美国今年迄今已经确诊了61名人感染H5N1禽流感病例，主要发生在奶牛场工人，以及扑杀患病鸡群的工人中，基本上为轻症。不过路易斯安那州本周报告该国首例禽流感重症病例，患者正因为严重呼吸疾病处于危急状态。

　　本月美国农业部下调了2025年美国鸡蛋生产和出口的预期，同时提高了价格展望。美国家禽和蛋类出口委员会的CEO格雷格・泰勒介绍称，现在美国本土市场的供应已经不足了，出口的供应自然也不够。

　　对于美国的鸡蛋而言，除了禽流感本身造成的供应紧张外，还有一个不确定性因素――特朗普即将重掌白宫。如果他引发贸易成本的全面上升，蛋价也难以独善其身。

　　根据报道，美国零售连锁超市Giant取消了原定于明年1月举行的促销活动。超市定价总监直白地表示：“我们只是不知道成本会在哪里。”

　　想炒股，先开户！选东方财富证券，行情交易一个APP搞定>>"
东方财富,全球导读,美联储“三把手”：预计未来将继续降息 已开始考虑特朗普政策的影响,当地时间周五（12月20日），纽约联储主席威廉姆斯表示，他预计美联储将实施更多的降息措施，但在货币政策仍抑制经济发展势头的情况下，降息将取决于后续数据。随着美联储周三公布利率决议，央行官员们的噤声期也随之结束。尽管美联储如市场预期的那样宣布降息25个基点，但在最新利率点阵图中将明年降息次数预测下调到了2次，而9月时的预测是4次。,"　　在东方财富看资讯行情，选东方财富证券一站式开户交易>>

　　当地时间周五（12月20日），纽约联储主席威廉姆斯表示，他预计美联储将实施更多的降息措施，但在货币政策仍抑制经济发展势头的情况下，降息将取决于后续数据。

　　随着美联储周三公布利率决议，央行官员们的噤声期也随之结束。尽管美联储如市场预期的那样宣布降息25个基点，但在最新利率点阵图中将明年降息次数预测下调到了2次，而9月时的预测是4次。

　　威廉姆斯在接受媒体采访时称，虽然本周进行了降息，他仍认为目前的货币政策非常具有限制性，这意味着短期利率将继续抑制经济，这应有助于进一步缓解通胀压力。

　　作为纽约联储主席，威廉姆斯同时在联邦公开市场委员会（FOMC）兼任副主席，与美联储理事一样拥有永久的投票权，被视作联储的“三号人物”。

　　至于美联储下一步的货币政策走向，威廉姆斯称利率路径正向中性利率靠拢，这表明他仍预计未来会进行数次降息。

　　威廉姆斯说：“我们需要以数据为依据，而且我们有时间真正评估数据、评估发生的情况，并根据数据、前景和风险做出最佳判断，以实现我们的目标。”

　　“我认为我们处于一个很好的位置，并为未来做好了充分准备，”他补充称。

　　威廉姆斯在讲话中指出，目前通胀和其他许多方面的前景都存在相当大的不确定性。

　　已开始考虑特朗普政策的影响

　　许多经济学家警告称，美国当选总统特朗普扬言要对外国商品加征关税，并大量驱逐非法移民，这些政策很可能会带来通胀上行的压力。

　　美联储主席鲍威尔在周三的新闻发布会上表示，部分联邦公开市场委员会（FOMC）成员已开始对特朗普政策可能带来的影响进行初步评估。对于特朗普的关税计划，鲍威尔称，目前对其如何影响通胀下结论还为时尚早。

　　威廉姆斯承认，特朗普政策议程的影响已开始影响他的经济展望。

　　他说：“在我个人的预测中，我已经纳入了一些关于财政政策、移民政策及其他政策的想法，因为这些都是影响经济前景的重要驱动因素。但我必须强调，这些影响有很多不确定性。”

　　就在威廉姆斯发表讲话前，美国商务部经济分析局公布了11月份的PCE物价指数，这是美联储最青睐的通胀指标。

　　数据显示，美国11月PCE同比涨幅为2.4%，环比涨幅为0.1%；11月核心PCE同比涨幅为2.8%，环比涨幅为0.1%；四项指标均低于市场预期。

　　威廉姆斯称，最新通胀数据“令人鼓舞”。

　　想炒股，先开户！选东方财富证券，行情交易一个APP搞定>>"
东方财富,全球导读,倒计时不足12小时！美众院通过防止政府“停摆”法案,综合报道，当地时间20日，美国众议院投票通过了一项防止政府停摆的短期支出法案，此时距离联邦政府资金耗尽仅剩数小时。据美媒介绍，众议院当天以366票赞成、34票反对的投票结果通过了该法案。此举这意味着联邦政府“停摆”大概率得以暂时避免。接下来，该法案将在参议院进行投票，如获通过，将递交给总统拜登签署生效。,"　　炒股第一步，先开个股票账户

　　综合报道，当地时间20日，美国众议院投票通过了一项防止政府停摆的短期支出法案，此时距离联邦政府资金耗尽仅剩数小时。

　　据美媒介绍，众议院当天以366票赞成、34票反对的投票结果通过了该法案。此举这意味着联邦政府“停摆”大概率得以暂时避免。

　　接下来，该法案将在参议院进行投票，如获通过，将递交给总统拜登签署生效。"
东方财富,全球导读,普京刚刚承认通胀令人担忧 俄罗斯央行却意外停止加息,【普京刚刚承认通胀令人担忧 俄罗斯央行却意外停止加息】当地时间周五(12月20日)，俄罗斯央行宣布将基准利率维持在21%不变，这令市场感到意外，投资者原本预计会加息200个基点，因为就连俄罗斯总统普京也承认该国通胀形势令人担忧。,"　　全新妙想投研助理，立即体验

　　当地时间周五(12月20日)，俄罗斯央行宣布将基准利率维持在21%不变，这令市场感到意外，投资者原本预计会加息200个基点，因为就连俄罗斯总统普京也承认该国通胀形势令人担忧。

　　俄央行发布声明称，目前俄罗斯的通胀压力依然存在，由于近期的卢布贬值，预计2024年的通胀率会达到9.5%。

　　该央行表示，不过与10月做出加息至21%的决定时相比，货币政策的收紧使得信贷活动降温，为通胀下降奠定了必要的基础，俄央行将继续执行到2026年将通胀率降至4%区间的预定目标。

　　俄央行将在2025年2月14日举行的下一次会议上综合评估信贷和通胀情况，以决定是否调整利率。

　　俄罗斯11月份消费者价格指数(CPI)同比上涨8.9%，高于10月份的8.5%，这一增长主要是由食品价格上涨推动的。俄罗斯政府计划在2025年增加军费开支，因此通胀压力不太可能很快降温。

　　值得注意的是，普京在此前一天的年度记者会上表示：“俄罗斯经济情况整体上正常、稳定......众所周知，去年我国的经济增长率为3.6%，今年将达到3.9%，甚至可能达到4%。”

　　不过，普京承认，经济出现了过热的迹象，这引发了令人担忧的高通胀。普京将物价上涨归咎于国际制裁，导致牛奶、黄油和蔬菜等主要食品的价格出现两位数涨幅。他称政府和俄罗斯央行的任务是实现经济“软着陆”。

　　分析人士表示，暂停加息的举措表明俄央行有很大的自主权，但来自商界的压力变得太大，不容忽视。许多有影响力的俄罗斯商界领袖此前抱怨，利率飙升抑制了投资。

　　经济学家Evgeny Kogan指出：“压力奏效了，央行决定停止加息。”目前的基准利率处于普京执政以来的最高水平。

　　而俄罗斯央行行长纳比乌琳娜则表示：“在高利率和紧缩周期期间，对我们政策的批评会加剧，但我们是根据对经济形势的评估和预测做出决定的。”

　　军事开支、工资螺旋式上升以及卢布疲软均推升了通胀。11月份，由于美国的制裁导致俄罗斯能源支付出现了问题，卢布兑美元汇率下跌了约15%。

　　纳比乌琳娜强调，维持利率不变不会削弱卢布，但她警告称，俄罗斯面临的“地缘政治压力”可能会进一步增加。

　　国际货币基金组织(IMF)预计，俄罗斯今年的经济增速将达到3.6%，到2025年将放缓至1.3%。急剧放缓的原因是“在劳动力市场紧张程度降低和工资增长放缓的情况下，私人消费和投资也将降温”。

　　凯投宏观经济学家Liam Peach表示：“虽然目前还不清楚俄罗斯央行决策者是否受到外部压力，但这是一个值得关注的风险，可能会加剧通胀问题。”"
东方财富,全球导读,美国11月PCE通胀全线低于预期 放缓降息步伐担忧有所缓解,当地时间周五，美国商务部经济分析局发布了11月份的PCE物价指数。作为美联储最青睐的通胀指标――PCE数据在11月份意外全面降温，这表明物价上涨并没有以令人担忧的方式加速，缓解了部分投资者对明年降息次数减少的担忧。数据公布后，现货黄金短线走高，突破2610美元；美股三大期指短线冲高，但并未能翻红。,"　　炒股第一步，先开个股票账户

　　当地时间周五，美国商务部经济分析局发布了11月份的PCE物价指数。作为美联储最青睐的通胀指标――PCE数据在11月份意外全面降温，这表明物价上涨并没有以令人担忧的方式加速，缓解了部分投资者对明年降息次数减少的担忧。数据公布后，现货黄金短线走高，突破2610美元；美股三大期指短线冲高，但并未能翻红。

　　尽管如此，随着2025年的临近，人们对生活成本上升的担忧正在加剧，潜在的全球通胀事件和美国国内政策的不确定性也在上升。

　　具体数据显示，11月整体PCE物价指数同比增长2.4%，预期为2.5%，前值为2.3%，这标志着通胀率又向2%的目标迈进了一步。11月PCE环比涨幅为0.1%，预期为0.2%，前值为0.2%，创下了5月以来最低纪录。

　　剔除了波动较大的食品和能源部分的核心PCE物价指数年率录得2.8%，预期为2.9%，前值为2.8%；核心PCE物价指数月率录得0.1%，预期为0.2%，前值为0.3%。

　　这些数据反映出商品价格几乎没有上涨，服务价格上涨了0.2%，为8月以来的最低水平，食品和能源价格均上涨0.2%。以12个月为基础的话，商品价格下降了0.4%，但服务价格上涨了3.8%；食品价格上涨1.4%，能源价格下跌4%。

　　数据公布后，交易员继续押注美联储将在1月份暂停降息，并增加美联储将在3月份降息的押注，预计10月份还会有一次降息。

　　此外，占美国经济活动三分之二以上的消费者支出上月环比增长0.4%，而10月份的增幅被下修为0.3%，预期增长0.5%。

　　强劲的消费者支出推动美国经济第三季度的年化增长率达到3.1%。经济学家预计，消费者支出本季度只会小幅放缓。亚特兰大联储目前预计，美国第四季度GDP将增长3.2%。

　　在这份报告发布前两天，美联储再次降息25个基点。然而，美联储主席鲍威尔在会后的新闻发布会上表示：“从现在开始，我们将进入一个新阶段，对进一步降息将持谨慎态度。”

　　周三公布的预测显示，美联储官员预计明年通胀将比之前预测的更加顽固，这可能是因为当选总统特朗普的政策变化所致。这些预测显示，美联储官员预计降息次数将减少，多数官员预计2025年将降息两次，低于9月份会议时预计的四次。

　　美联储官员希望保持政策平衡，一方面避免过去两年的大举加息在物价和工资增长已经降温的情况下不必要地拖累经济，但另一方面又不希望破坏近期在通胀方面取得的成果。

　　凯投宏观首席北美经济学家Paul Ashworth在一份报告中表示：“总体而言，今天的PCE通胀正是美联储最想要的――美国经济继续走强，但价格压力减弱。”

　　纽约联储主席威廉姆斯评论称，最近的数据与美联储的经济预测一致，经济状况良好，但他预计明年的增长率将放缓至2.0%。美联储在制定政策时将不得不依赖数据，而目前的政策虽然状态良好，但有些限制性。

　　想炒股，先开户！选东方财富证券，行情交易一个APP搞定>>"
东方财富,全球导读,中国10月美债持仓创逾15年来最低！美债减持潮开始蔓延全球？,【中国10月美债持仓创逾15年来最低！美债减持潮开始蔓延全球？】当地时间周四(12月19日)，美国财政部公布了2024年10月的国际资本流动报告(TIC)。报告显示，10月份外国投资者持有的美国国债规模结束了连续五个月的增长。以日本和中国领衔，美国前十大“债主”中多达七个在当月选择了减持。同时，中国的美债持仓进一步刷新了2009年以来的新低。,"　　炒股第一步，先开个股票账户

　　当地时间周四(12月19日)，美国财政部公布了2024年10月的国际资本流动报告(TIC)。报告显示，10月份外国投资者持有的美国国债规模结束了连续五个月的增长。以日本和中国领衔，美国前十大“债主”中多达七个在当月选择了减持。同时，中国的美债持仓进一步刷新了2009年以来的新低。

　　美国财政部的数据显示，美国第二大海外“债主”中国在10月继续站在了减持美债的阵营之中――中国10月的美债持仓量环比减少了119亿美元，总持仓规模降至了7601亿美元。这也是中国连续第四个月减持美债。

　　从2022年4月起，中国的美债持仓就一直低于1万亿美元。而此番进一步减持，已使得中国的美债持仓规模跌破了去年10月的低位7696亿美元，进一步创下了2009年2月以来的新低。在2009年2月，中国的美债持仓规模曾为7442亿美元。

　　中国国家外汇管理局本月早些时候公布的数据显示，截至11月末，我国外汇储备规模为32659亿美元，较10月末上升48亿美元，升幅为0.15%。国家外汇局表示，受汇率折算和资产价格变化等因素综合作用，当月外汇储备规模上升。我国经济运行回升势头增强，市场信心改善，将继续为外汇储备规模保持基本稳定提供支撑。

　　值得一提的是，在10月继续减持美债后不久，中国央行11月再度增加了黄金储备，当月末的黄金储备为7296万盎司，较前一个月增加16万盎司。

　　除中国外，10月日本的美国国债持仓环比9月也减少206亿美元，至1.1027万亿美元。这是日本在过去七个月的时间里第六次减持美债。

　　自2019年6月持仓超越中国以来，日本一直是美国国债最大的海外持有国。而过去几个月，日本方面连续大举减持美债的举动，显然与其在外汇市场上干预日元的行动不无关系。由于日本货币当局威胁要进行干预以支撑日元，市场参与者此前一直在关注作为美元储备的日本美债持有量。

　　日本当局在4月底和5月进行了抛售美元和买入日元的干预行动，并在7月再次进行了干预，其部分资金可能就来自于日本对美国国债投资组合的抛售。而在步入四季度后，随着美元指数在特朗普胜选和美联储有意放缓降息步伐的背景下持续走高，日元贬值的压力显然依旧存在。

　　美债减持潮开始蔓延全球？

　　整体而言，此份美国财政部最新TIC报告的一个最大亮点，无疑便是减持美债的浪潮开始扩散。与9月美国前十大海外“债主”中只有中日减持不同的是，这一次有多达七个“债主”在10月选择了减持。

　　其中，美国第三大海外“债主”英国10月持有的美债规模为7460亿美元，单月持有量减少了184亿美元。目前英国的美债持有规模已与中国较为接近。

　　除此之外，开曼群岛、加拿大、比利时、瑞士也在当月减持了美债。其他前十大“债主”中，卢森堡、爱尔兰和法国则选择了增持。

　　整体来看，10月份外国投资者持有的美国国债规模，从9月份的8.6729万亿美元减少至了8.5955万亿美元，结束了连续五个月的增长。

　　这一势头的转变，显然与美债价格在美联储降息后遭遇罕见的连续下跌不无关系。Creative Planning首席市场策略师Charlie Bilello指出，目前距离美联储首次降息已过去3个月，但10年期国债收益率却大涨了约86个基点。这与之前的降息周期开始时的表现截然不同，当时10年期美债收益率要么走低，要么基本保持不变。

　　10月恰恰便是美债抛压逐渐加深的一个阶段。因为交易员当时押注特朗普将赢得美国总统大选并制定促进增长的政策，同时实施新的关税政策，分析师称这可能导致美国物价反弹，并阻碍美联储明年的降息进程。

　　全新妙想投研助理，立即体验"
东方财富,全球导读,加州紧急！加州官员已宣布进入紧急状态以应对禽流感的蔓延,最近美国的事不少！据美联社今天凌晨的消息，加州官员已宣布进入紧急状态以应对禽流感的蔓延，该州的奶牛受到禽流感的肆虐，并导致美国各地出现零星病例。这种病毒又称为甲型H5N1病毒，于3月份首次在美国奶牛身上发现。自那时起，16个州的至少866个奶牛群被证实感染禽流感病毒。据美国疾病控制与预防中心称，8个州已有60多人感染，大部分患者病情较轻。,"　　全新妙想投研助理，立即体验

　　最近美国的事不少！

　　据美联社今天凌晨的消息，加州官员已宣布进入紧急状态以应对禽流感的蔓延，该州的奶牛受到禽流感的肆虐，并导致美国各地出现零星病例。这种病毒又称为甲型H5N1病毒，于3月份首次在美国奶牛身上发现。自那时起，16个州的至少866个奶牛群被证实感染禽流感病毒。

　　据美国疾病控制与预防中心称，8个州已有60多人感染，大部分患者病情较轻。卫生官员本周表示，路易斯安那州一名患者因感染该病毒而住院，这是美国首例已知的由该病毒引起的严重疾病。

　　加州进入紧急状态

　　加州州长加文・纽森表示，宣布进入紧急状态是为了更好地安排州政府工作人员和物资应对疫情。

　　加州一直在大型牛奶加工罐中寻找禽流感病毒。他们至少在650头奶牛中发现了这种病毒，约占美国所有受影响奶牛的四分之三。该病毒自八月起在该州中部谷地被发现，最近又在南加州的奶牛场被发现。纽森在一份声明中表示：“这项声明是一项有针对性的行动，旨在确保政府机构拥有快速应对疫情所需的资源和灵活性。”

　　美国疾病控制与预防中心官员本周再次强调，该病毒对普通公众的风险较低。重要的是，目前还没有人际传播的报告，也没有迹象表明病毒已经变异而更容易在人与人之间传播。总体而言，流感专家同意这一评估，并表示现在判断疫情可能走向何方还为时过早。

　　圣犹达儿童研究医院的流感专家理查德・韦比说：“完全不能令人满意的答案是：我认为我们还不知道。”但病毒专家仍持谨慎态度，因为流感病毒在不断变异，微小的基因变化都可能改变前景。

　　本周，卫生官员确认了美国首例已知的重症病例。美国之前的所有病例（约60例）一般都是轻微症状。路易斯安那州的这名患者年龄超过65岁，患有基础疾病，目前情况危急。目前尚未公布详细情况，但官员表示，该患者在接触后院的一群病鸟后出现了严重的呼吸道症状。美国疾病控制与预防中心表示，这是美国首例与后院鸟类有关的确诊感染病例。检测显示，导致该人患病的病毒株是野生鸟类中的一种，而不是牛身上的病毒株。

　　危害与预防

　　上个月，加拿大卫生官员报告称，不列颠哥伦比亚省一名青少年因严重的禽流感住院，感染的病毒株也是野生鸟类中的一种。美国此前的感染病例几乎全部发生在直接接触受感染奶牛或家禽的农场工人身上。在两例病例中，一名是密苏里州的成年人，另一名是加利福尼亚州的儿童，卫生官员尚未确定他们是如何感染的。

　　加拿大萨斯喀彻温大学病毒专家安吉拉・拉斯穆森表示，随着感染人数增多，可能会出现更严重的疾病。据世界卫生组织统计，自2003年以来，全球已报告近1,000例由H5N1引起的疾病病例，超过一半的感染者死亡。每种H5N1病毒都有可能非常严重且致命。

　　疾病预防控制中心和其他专家表示，与奶牛或商业家禽或后院鸟类接触的人面临的风险更高，应采取预防措施，包括呼吸和眼睛保护以及手套。

　　明尼苏达大学公共卫生专家迈克尔・奥斯特霍尔姆说：“如果鸟类开始出现生病或死亡的情况，他们应该非常小心处理这些动物。”

　　疾病预防控制中心已出资为农场工人接种流感疫苗，以保护他们免受季节性流感的侵袭，并防止他们同时感染两种流感病毒，从而可能导致禽流感病毒发生变异，变得更加危险。政府还表示，与受感染动物密切接触的农场工人应接受检测，并接受抗病毒药物治疗，即使他们没有出现任何症状。

　　除了与农场动物和野生鸟类直接接触外，H5N1病毒还可以通过生牛奶传播。美国食品和药物管理局表示，巴氏杀菌牛奶可以安全饮用，因为热处理可以杀死病毒。但未经巴氏消毒的牛奶中却发现高水平的病毒。最近几周，加州商店出售的生牛奶因在农场和产品中检测到病毒而被召回。洛杉矶官员报告称，两只食用召回生牛奶的家猫因感染禽流感而死亡。官员们正在调查更多有关猫只患病的报告。

　　美国卫生官员敦促人们避免饮用生牛奶，因为生牛奶除了传播禽流感外，还可能传播多种细菌。美国农业部已加强全国范围内对生牛奶的检测，以帮助发现和控制疫情。本月发布的一项联邦命令要求对生牛奶进行检测，本周已在13个州开始实施。"
东方财富,全球导读,10月中国减持119亿美元美国国债 连续第四个月减持,【10月中国减持119亿美元美国国债 连续第四个月减持】当地时间12月20日，美国财政部公布的数据显示，2024年10月，美债前三大海外债主日本、中国、英国均减持美国国债。美国财政部2024年10月国际资本流动报告（TIC）显示，日本10月减持206亿美元美国国债，持仓规模为11027亿美元，依然是美国第一大债主。中国10月减持119亿美元美国国债至7601亿美元，是今年6月二次加仓后连续第四个月减持。,"　　炒股第一步，先开个股票账户

　　当地时间12月20日，美国财政部公布的数据显示，2024年10月，美债前三大海外债主日本、中国、英国均减持美国国债。

　　美国财政部2024年10月国际资本流动报告（TIC）显示，日本10月减持206亿美元美国国债，持仓规模为11027亿美元，依然是美国第一大债主。

　　中国10月减持119亿美元美国国债至7601亿美元，是今年6月二次加仓后连续第四个月减持。

　　作为美国国债海外第二大持有者，从2022年4月起，中国的美债持仓一直低于1万亿美元，且总体呈减持趋势。2024年1月中国减持186亿美元美债并开启“三连降”，同年2、3月分别减持227亿、76亿美元美债，4月则增持33亿美元美债，为2024年首次加仓。5月，中国减持24亿美元美债，为4月首度加仓后的再度减持。6月，中国增持119亿美元美债。7月，中国减持37亿美元美债。8月，中国减持19亿美元美债。9月，中国减持26亿美元美国国债。

　　英国10月减持184亿美元美国国债至7460亿美元，持仓规模位列第三。

　　美国财政部报告显示，10月所有海外对长期、短期美国证券和银行现金流（banking flows）的净流入总额为2036亿美元。其中，海外私人资金净流入为2200亿美元，海外官方资金净流出为164亿美元。

　　同时，10月海外净买入美国长期证券的资金规模为1363亿美元，此前9月净买入2631亿美元。其中，海外私人投资者净买入1266亿美元，海外官方机构净买入97亿美元。包括海外投资组合通过股票互换购入的美股在内，进行一些调整后，海外10月总体净买入美国长期证券1523亿美元，此前9月为净买入2161亿美元。"
东方财富,全球导读,美国突发！亚马逊员工大罢工 美国多个仓库停摆！,亚马逊员工大罢工，美国多个仓库停摆！由于工会官员表示亚马逊未能坐到谈判桌前，数千名亚马逊员工于美国东部时间周四上午罢工，这一行动恰逢假日购物季的高峰时期。国际卡车司机兄弟会表示，纽约市、伊利诺伊州斯科基、亚特兰大、旧金山和南加州等地工厂的工会工人将加入纠察队，寻求保证更好工资和工作条件的合同。,"　　在东方财富看资讯行情，选东方财富证券一站式开户交易>>

　　亚马逊员工大罢工，美国多个仓库停摆！


　　由于工会官员表示亚马逊未能坐到谈判桌前，数千名亚马逊员工于美国东部时间周四上午罢工，这一行动恰逢假日购物季的高峰时期。国际卡车司机兄弟会表示，纽约市、伊利诺伊州斯科基、亚特兰大、旧金山和南加州等地工厂的工会工人将加入纠察队，寻求保证更好工资和工作条件的合同。

　　稍早之前，全球近20国的亚马逊员工已加入这次罢工行动，称为“让亚马逊付钱”(Make Amazon Pay)反抗日，从“黑色星期五”持续至“网络星期一”，预计美、德、英、日、印度、巴西等地主要城市都有抗议活动。

　　此次罢工可能会扰乱亚马逊的运营，因为亚马逊正忙于在一年中最繁忙的季节完成订单。不过，在纽约市地区，该公司拥有多个仓库，以及较小的配送站，可快速提供当日送达服务。有业内人士认为，如果行动发生在圣诞节前的关键时期，可能会扰乱供应链，并发出工会希望施加财务压力的讯号。

　　亚马逊大罢工

　　“如果你的包裹在节假日期间被延误，你可以责怪亚马逊贪得无厌。我们给了亚马逊一个明确的最后期限，要求他们坐下来谈判，为我们的会员做正确的事。但他们却置之不理。”卡车司机工会主席肖恩・M・奥布莱恩在一份声明中表示，“这些贪婪的高管完全有机会表现出正直和对那些为他们带来巨额利润的人的尊重。相反，他们把工人逼到了极限，现在他们正在付出代价。这次罢工是他们的错。”

　　数千名亚马逊美国员工于当地时间周四上午举行罢工，这一行动恰逢假日购物季的高峰时期。在此之前，工会指责亚马逊拒绝进行合同谈判。此次罢工对亚马逊的运营构成了挑战，因为该公司在一年中最繁忙的季节争分夺秒地完成订单，尽管工会员工只占亚马逊小时工的1%左右。

　　值得注意的是，此次罢工不仅仅发生在美国。全球近20国的亚马逊员工已加入这次罢工行动，称为“让亚马逊付钱”(Make Amazon Pay)反抗日，从“黑色星期五”持续至“网络星期一”，预计美、德、英、日、印度、巴西等地主要城市都有抗议活动。

　　亚马逊在声明发布后表示，卡车司机工会的最新举动是“又一次试图散布虚假言论”，并声称工会代表亚马逊工人和司机“继续故意误导公众”。亚马逊发言人凯利・南特尔表示：“事实是，卡车司机工会积极威胁、恐吓并试图强迫亚马逊员工和第三方司机加入他们，这是违法的，并且是针对该工会的多项未决不公平劳工行为指控的对象。”

　　专家认为，亚马逊对工会的态度一贯强硬。自史坦顿岛工人在两年前成功投票成立美国首个亚马逊仓库工会以来，公司始终未承认这一组织的合法性。亚马逊显然制定了一套策略，试图忽视工人的集体组织和谈判权利。

　　影响多大？

　　此次罢工可能会扰乱亚马逊的运营，因为亚马逊正忙于在一年中最繁忙的季节完成订单。不过，在纽约市地区，该公司拥有多个仓库，以及较小的配送站，可快速提供当日送达服务。

　　工会已给亚马逊设定了周日作为开始谈判的最后期限，工人们最近投票批准了可能的罢工。卡车司机工会在周三的一份声明中表示，该工会还在全国数百个亚马逊配送中心设置了主要纠察线。

　　早些时候，亚马逊向NBC新闻发表声明称，其他仓库和配送中心将有助于防止大规模中断。公司是一个大型网络，不会破坏任何人的圣诞节。不过，从前方反馈的情况来看，的确已经出现了仓库货物被堵的情况。

　　卡车司机工会领导层称此次罢工是“美国历史上针对亚马逊的最大规模罢工”。工会与这家在线零售巨头之间的冲突只是卡车司机工会在关键假日购物季向该公司及其强硬的反工会政策施加压力的最新举措。这也表明工会组织正在尝试新的策略来代表亚马逊的员工，亚马逊是美国第二大私营部门雇主。但亚马逊没有表现出愿意与卡车司机工会达成协议的迹象，甚至不承认该工会代表其任何员工，尽管工会宣布，亚马逊众多工厂的员工都已签署卡片要求加入工会。可以预期，后续的影响可能还会加大。

　　全新妙想投研助理，立即体验"
东方财富,全球导读,美股又将兴起一场腥风血雨？史上规模最大“三巫聚首日”来袭！,美东时间本周五，美股又将迎来一个“三巫日”，超过6万亿美元的股票、ETF和指数相关期权即将到期，这次有望成为有史以来规模最大的一次“三巫日”。在美联储本周进行“鹰派降息”之后，美股才刚刚出现一轮大幅抛售。而本周五晚美国还将公布重磅的PCE数据。“三巫日”在这一关键时期到来，想必将引发市场不小的波动。,"　　在东方财富看资讯行情，选东方财富证券一站式开户交易>>

　　美东时间本周五，美股又将迎来一个“三巫日”，超过6万亿美元的股票、ETF和指数相关期权即将到期，这次有望成为有史以来规模最大的一次“三巫日”。

　　在美联储本周进行“鹰派降息”之后，美股才刚刚出现一轮大幅抛售。而本周五晚美国还将公布重磅的PCE数据。“三巫日”在这一关键时期到来，想必将引发市场不小的波动。

　　美股将迎来“三巫日”

　　每个季度，与个股、ETF以及标普500等指数挂钩的期权合约都会与那些与主要股指挂钩的期货合约一起到期，衍生品市场专家称之为“三巫日”，因为大量衍生品合约到期的日子通常伴随着更高的交易量和波动性。

　　Asym 500提供的数据显示，有6.6万亿美元的股票、ETF和指数相关期权即将到期，其他人则认为到期规模可能更高，达到7.7万亿美元。

　　与过去的“三巫日”一样，美股市场周五开盘时预计会出现最活跃的一波交易，因为大多数与标普500指数挂钩的指数期权届时要么将被执行，要么到期。

　　根据Asym 500的Rocky Fishman的说法，以6.6万亿美元名义价值的数字计算，本周五的季度到期规模将是有史以来最大的。

　　美股正值高风险时期

　　一直以来，“三巫日”事件都受到交易员的密切关注。但这次的“三巫日”风险尤其高，因为美联储本周的“鹰派降息”刚刚才引发了一轮美股的抛售。

　　由于担心美联储可能即将结束降息周期，美股道琼斯工业平均指数周三大跌逾1100点，周四勉强小涨结束十连跌。同时，这一担忧还引发了芝加哥期权交易所波动率指数（Cboe Volatility Index）周三出现的最大单日涨幅，

　　此外，更加雪上加霜的事，美东时间周五上午（北京时间周五21:30），美国还将公布最新的个人消费支出（PCE）数据，如果该指数超出投资者预期，也可能有助于引发市场波动。

　　“周五的个人消费支出报告让事态变得更有趣了。如果数据过热，可能会增加近期的卖压，而如果数据低于预期，可能会平息华尔街近期对通货再膨胀的担忧，”eToro美国投资分析师Bret Kenwell表示。

　　SpotGamma的创始人布伦特・科丘巴（Brent Kochuba）表示，在本周三美股抛售之前，周五的到期日极为不平衡：看涨期权的未平仓合约数量远远超过看跌期权。

　　不过在经历了美联储引发的抛售之后，Kochuba表示，过去24小时情况有所改变，不过看涨期权的未平仓合约仍高于看跌期权。

　　Kochuba表示，随着这些看跌期权到期或展期，它们可能有助于稳定市场，因为来自交易商的对冲资金可能有助于抑制波动，而不是加剧波动。

　　不过，Kochuba表示，他更担心的是，周三的抛售可能只是2025年初开始的更痛苦的低迷之前的“初步震动”。

　　想炒股，先开户！选东方财富证券，行情交易一个APP搞定>>"
东方财富,全球导读,深夜熔断！美股Nukkleus本周大涨约4000%,美东时间周四，美股市场高开低走，三大指数几乎平收，标普500指数和纳指均微跌，道指以0.04%的微弱涨幅惊险终结10连跌。上一交易日，由于美联储在公布利率决议时展现鹰派立场，美股遭遇抛售潮。美联储预计明年仅降息两次，低于9月预测的四次降息。分析师警告称，随着明年票委中鹰派成员增加，美联储未来的降息路径面临更多不确定性。,"　　全新妙想投研助理，立即体验

　　美东时间周四，美股市场高开低走，三大指数几乎平收，标普500指数和纳指均微跌，道指以0.04%的微弱涨幅惊险终结10连跌。


　　上一交易日，由于美联储在公布利率决议时展现鹰派立场，美股遭遇抛售潮。美联储预计明年仅降息两次，低于9月预测的四次降息。

　　分析师警告称，随着明年票委中鹰派成员增加，美联储未来的降息路径面临更多不确定性。

　　美股Nukkleus盘初大涨超50%，触发熔断，截至收盘，涨幅为2.58%，该股本周涨幅已约40倍。消息面上，这家历来专注于加密货币市场的金融科技公司透露，已收购Star 26 Capital Inc.的51%控股权，后者持有RIMON的重要股份，而RIMON是以色列铁穹导弹防御系统的关键供应商。

　　道指终结10连跌

　　数据显示，截至周四收盘，道琼斯指数涨0.04%，报42342.24点；标普500指数跌0.09%，报5867.08点；纳斯达克指数跌0.10%，报19372.77点。

　　大型科技股涨跌不一，英伟达、奈飞、亚马逊涨超1%，谷歌A、苹果小幅上涨；英特尔跌超1%，特斯拉、微软、Meta小幅下跌。

　　中概股涨跌不一，纳斯达克中国金龙指数跌0.06%；百度、房多多跌超3%，斗鱼跌超2%；理想汽车、新东方涨超2%。

　　美国存储芯片制造巨头美光科技重挫逾16%。稍早之前，美光科技披露了截至11月28日的2025财年第一财季业绩，虽然当季营收符合预期且数据中心收入同比大增超400%，但美光对第二财季的营收指引明显低于市场预期，该公司预计第二财季营收为79亿美元，比分析师预估的少了近10亿美元，主要是受智能手机和PC需求低迷的影响。

　　美联储周三向市场传递了未来政策立场趋向鹰派的立场，使得美股三大股指暴跌。一些分析师和投资者认为，市场对美联储政策的初步反应可能被过度解读，美国经济的强劲表现可能会推动股市进一步上涨。

　　摩根大通资产管理全球多资产策略负责人John Bilton表示：“我们看到的是对整体良好经济的冷水泼洒。对于明年，我持建设性观点。如果我是一个多头，我一定会喜欢健康的回调。”

　　Lombard Odier投资经理的宏观研究主管Florian Ielpo表示：“股市对美联储立场变化的反应可能过于激烈，可能是由于市场没有充分准备。”不过，他也提到：“鹰派的降息意味着近期利润可能比预期更强，这可能是市场需要重新评估的因素。”

　　周四，美国劳工部报告称，在经历本月早些时候的飙升后，美国上周首次申领失业救济金人数出现下降，延续了节假日期间经常出现的波动模式。

　　截至12月14日当周，首次申领失业救济人数减少2.2万人至22万人。接受彭博调查的经济学家预期中值为23万人。

　　油价下跌

　　美东时间12月19日，美国WTI原油走低，美元走高令油价承压。美欧与日本央行均对放松货币政策持谨慎态度，加剧了人们对经济活动疲软可能削弱明年石油需求的担忧。

　　数据显示，2月交割的布伦特原油期货下跌78美分，跌幅为1.05%，报每桶72.62美元；纽约商品交易所1月交割的西得克萨斯中质原油（WTI）期货下跌81美分，跌幅为1.16%，报每桶69.21美元。

　　原油自10月中旬以来一直区间波动，料将创出自2020年以来的最窄年度价格区间。在即将进入2025年之际，交易员一方面在权衡潜在的供应过剩，同时也在考虑地缘政治风险。"
东方财富,全球导读,分析师警告：明年鹰派票委增加 美联储降息面临更多不确定性,分析师警告称，随着明年票委中鹰派成员增加，美联储未来的降息路径面临更多不确定性。美联储周三宣布降息25个基点，符合市场预期，但最新点阵图揭示，决策者预计明年只会降息两次，较9月时降息四次的预测明显减少。美联储主席鲍威尔在利率会议后表示，美联储正处于或接近放缓降息的时刻，明年将根据数据做出降息决定。,"　　炒股第一步，先开个股票账户

　　分析师警告称，随着明年票委中鹰派成员增加，美联储未来的降息路径面临更多不确定性。

　　美联储周三宣布降息25个基点，符合市场预期，但最新点阵图揭示，决策者预计明年只会降息两次，较9月时降息四次的预测明显减少。

　　美联储主席鲍威尔在利率会议后表示，美联储正处于或接近放缓降息的时刻，明年将根据数据做出降息决定。

　　不过，随着联邦公开市场委员会（FOMC）投票成员的年度轮换，新成员的加入可能会在一定程度上增加对进一步降息的阻力。

　　道明证券（TD Securities）分析师Oscar Munoz表示：“这为明年出现更多反对票打开了大门。”因为即将获得投票权的成员更加鹰派。

　　美联储每年召开八次利率会议，所有12位地区联储主席都会讨论和辩论货币政策，但只有7位美联储理事和纽约联储主席享有固定的投票权，剩下11位地区联储主席中只有四位拥有投票权，每年轮换一次。

　　周三的降息决定颇具争议，19位政策制定者中有4位提出了异议，其中克利夫兰联储主席哈马克直接投下了反对票。

　　哈马克明年将退出票委序列，取而代之的是芝加哥联储古尔斯比。作为鸽派官员，古尔斯比认为明年政策利率需要大幅下调，以避免就业市场过度放缓。

　　然而，另外两位新票委――圣路易斯联储主席穆萨莱姆和堪萨斯城联储主席施密德――都倾向于鹰派立场。他们将取代被视为中立派的亚特兰大联储主席博斯蒂克和旧金山联储主席玛戴利。博斯蒂克和戴利的下一次获得投票权将在2027年。

　　Munoz等道明证券分析师推测，穆萨莱姆和施密德可能对本周降息持反对态度。

　　穆萨莱姆和施密德都曾对继续降息表示犹豫，穆萨莱姆本月早些时候甚至称，可能已经到了暂停宽松周期的时机。

　　第四位反对者可能是美联储理事鲍曼，她曾在9月利率会议上投票反对降息50个基点。不过，鲍曼可能最终还是支持了本周的降息决定。

　　最后一位新票委是波士顿联储主席柯林斯，她将接替里士满联储主席托马斯・巴尔金，成为2025年美联储轮值票委。

　　需要说明的是，一个更为鹰派的政策委员会可能增加反对声音，但未必会改变政策结果。

　　摩根大通首席美国经济学家Michael Feroli表示：“最终，鲍威尔可能仍然对政策走向拥有第一和最终决定权。”

　　想炒股，先开户！选东方财富证券，行情交易一个APP搞定>>"
东方财富,全球导读,匈牙利回应欧盟2亿欧元罚款：将采取法律行动维护权益,【匈牙利回应欧盟2亿欧元罚款：将采取法律行动维护权益】当地时间19日，匈牙利司法部表示，欧盟针对匈牙利的移民罚款是不可接受的，政府在18日的公报中已公布了必要的授权和财务保障。司法部将在国际法专家的参与下，采取必要措施维护自身利益，匈牙利不会屈服于欧盟法院的裁决。,"　　在东方财富看资讯行情，选东方财富证券一站式开户交易>>

　　当地时间19日，匈牙利司法部表示，欧盟针对匈牙利的移民罚款是不可接受的，政府在18日的公报中已公布了必要的授权和财务保障。司法部将在国际法专家的参与下，采取必要措施维护自身利益，匈牙利不会屈服于欧盟法院的裁决。

　　6月13日，欧盟法院对匈牙利开出一份罚单，勒令其一次性支付2亿欧元，如延迟支付则需每日支付100万欧元的罚金。这份罚单是对匈牙利未遵守该法院2020年的判决的惩罚。2020年12月，欧盟法院裁定匈牙利不尊重欧盟法律，因其拒绝向未经授权入境者提供庇护申请机会，并将他们非法拘留在匈牙利与塞尔维亚边境的“过境区”。"
东方财富,全球导读,全球降息风不止 中国资产配置价值凸显,继瑞士、加拿大等国央行上周继续降息后，日前美联储也公布最新利率决议，如期降息25个基点。但相较此前较为汹涌的全球降息潮，经历明显宽松后，市场普遍预计，不少央行将在明年放缓降息步伐。对中国资产而言，业内人士认为，外围宽松环境延续叠加国内强有力政策持续释放，使得其明年配置价值仍然获得看好，A股及港股中的红利、电子、互联网等细分领域值得关注。,"　　在东方财富看资讯行情，选东方财富证券一站式开户交易>>

　　继瑞士、加拿大等国央行上周继续降息后，日前美联储也公布最新利率决议，如期降息25个基点。但相较此前较为汹涌的全球降息潮，经历明显宽松后，市场普遍预计，不少央行将在明年放缓降息步伐。

　　对中国资产而言，业内人士认为，外围宽松环境延续叠加国内强有力政策持续释放，使得其明年配置价值仍然获得看好，A股及港股中的红利、电子、互联网等细分领域值得关注。

　　流动性环境维持宽松

　　北京时间12月19日凌晨，美联储公布最新利率决议，如期降息25个基点。不过，从美联储主席鲍威尔的表态看，美联储此次堪称“鹰派”降息，释放出倾向于明年更少降息的信号，并引发美股明显调整。

　　从2024年3月瑞士打响海外主要发达经济体降息“第一枪”以来，瑞典、加拿大、英国、欧盟、美国、新西兰等多个经济体陆续加入降息行列，新一轮全球降息潮为权益市场走强提供了重要的流动性支撑。不过，与美联储本次降息声明相似，随着利率不断下行以及国内通胀持续降温，近期多个经济体央行在继续降息的同时，也释放出后续或放缓降息步伐的信号。

　　以加拿大央行为例，其于北京时间12月11日晚间将政策利率下调50个基点，至此其年内累计降息幅度已达到175个基点。从该国央行发布的声明看，其不再提及“如果经济发展与预测一致，预期进一步降息是合理的”的措辞，这被市场视为可能放慢货币宽松步伐的信号。

　　展望2025年，外围市场流动性会出现怎样的变化？对此，中航证券首席经济学家董忠云判断，美国国内诸如对内减税、对外加征关税等政策如果落地，可能引发美国二次通胀，对2025年美联储降息节奏和幅度的扰动可能较大，美联储大概率将在后续政策讨论中计入这一风险。“后续外部流动性环境依然维持宽松，但宽松幅度边际减弱且不确定性提升。”

　　结合对全球经济景气度下行趋势、朱格拉周期下行趋势以及主动去库存周期的判断，国金证券首席策略分析师张弛认为，至少到2025年上半年，海外流动性向好的环境仍然可以延续。

　　科技、内需仍是中期主线

　　如果说海外流动性宽松延续为中国资产提供了积极的外部环境，那么国内政策端的强劲发力以及A股市场相对较低的估值，则有望成为市场资金进一步加大配置中国资产的动力。

　　“12月政治局会议和中央经济工作会议对于2025年经济工作的安排，出现了多个历史上的首次表述和罕见表述，如‘加强超常规逆周期调节’‘适度宽松的货币政策’等，体现了中央对于明年做好经济工作的紧迫感和坚定决心。”在董忠云看来，2025年万得全A中枢有望进一步提升。

　　随着“政策底”“市场底”陆续出现，A股“盈利底”何时出现成为投资者下一步关注的重点。张弛表示，预计2025年全A盈利增速约为7.2%，全年估值扩张空间大约19%，这意味A股市场2025年或有26%的上涨空间。总体上，张弛对后市行情并不悲观，但预计真正的发力点将在2025年下半年。

　　立足当下，A股市场哪些行业板块更值得提前布局？对此，董忠云认为，短期看，降准降息有望较快落地，红利板块性价比将有所提升；中期看，内需板块有望成为未来市场的主线之一，以科技创新引领新质生产力发展也是2025年重要任务，当下由人工智能引领的新一轮科技浪潮正持续升温，建议关注人工智能+、半导体、量子信息技术等相关领域的投资机会。

　　张弛判断，2025年上半年A股市场或以主题投资为主，“春季躁动”期间，电子、计算机、机械、军工相对比较占优，其中机械板块主要关注机器人相关投资主题；2025年二季度投资机遇主要集中在三个方向：黄金及黄金股、创新药和内循环主题。

　　相对而言更加受益于美联储降息的港股市场，后市投资价值同样得到重视。平安证券首席策略分析师魏伟建议关注三条主线：一是供给出清后需求再度回升且盈利趋势平稳的互联网板块；二是政策支持和产业转型方向，如中端制造业出海等；三是红利板块，如明年财政政策发力，红利板块中的大金融板块投资机会或更突出。

　　全新妙想投研助理，立即体验"
东方财富,全球导读,通胀担忧重燃 美联储降息前景生变,【通胀担忧重燃 美联储降息前景生变】美国联邦储备委员会结束为期两天的货币政策会议，宣布将联邦基金利率目标区间下调25个基点到4.25%至4.50%之间，并预计2025年降息幅度或收窄至50个基点。这是美联储今年9月以来连续第三次降息。,"　　全新妙想投研助理，立即体验

　　北京时间12月19日凌晨，美国联邦储备委员会结束为期两天的货币政策会议，宣布将联邦基金利率目标区间下调25个基点到4.25%至4.50%之间，并预计2025年降息幅度或收窄至50个基点。这是美联储今年9月以来连续第三次降息。

　　机构人士表示，从美联储此次利率决议声明、点阵图以及美联储主席鲍威尔的新闻发布会表态来看，从现在开始，美联储将在降息决策上比之前更加谨慎，下一次议息会议或宣布暂停降息。从大类资产配置角度看，美股短期调整的压力加大，波动性加强；黄金也可能阶段性承压，但仍具配置价值。

　　“鹰派”降息传递谨慎信号

　　美联储声明显示，此次会议上有联邦公开市场委员会成员明确投出反对票。机构人士称，美联储此次“鹰派”降息传递出对未来货币政策决策的谨慎信号。

　　美联储在当天发表的声明中表示，实现就业和通胀目标的风险大致处于平衡状态，但美国经济前景仍不确定。在评估适当的货币政策立场时，美联储决策机构联邦公开市场委员会将继续监测即将发布的信息对经济前景的影响。如果出现可能阻碍目标实现的风险，委员会将准备酌情调整货币政策立场。

　　平安证券首席经济学家钟正生认为，本次会议的降息已经颇有争议。不过，由于本次会议前市场已经充分预计了本次降息，美联储可能不想制造一场“鹰派”意外，所以选择“鹰派”降息。美联储从现在开始，将在降息决策上比之前更加谨慎。

　　东吴证券首席经济学家芦哲表示，在谨慎的背后，美联储开始为美国移民、关税、减税政策给通胀带来的上行风险做评估。

　　广发证券资深宏观分析师陈嘉荔表示，美联储的货币政策决策仍然遵循数据依赖法则，短期通胀数据变化以及后续关税、移民政策对决策结果影响较大。

　　“美联储对2025年美国通胀有明显的担忧。”中信证券海外研究首席分析师崔嵘表示，在通胀问题上，鲍威尔较多回顾已经取得的通胀进展，表示可能还需要一两年的时间才能达到2%的通胀目标，显示其对通胀展望的信心不足，并罕见地表示其他国家也面临通胀问题。美联储2%通胀目标的实现时间节点或从2026年推迟到2027年。

　　机构下调明年降息预期

　　根据美联储发布的经济前景预期，19名联邦公开市场委员会成员中有10人认为，到2025年底联邦基金利率目标区间将降至3.75%到4%之间。以每次降息25个基点计算，美联储2025年或仅降息两次，与今年9月预计的四次降息有较大程度放缓。

　　各大机构在其最新的观点中也纷纷下调了对美联储明年降息的预期。

　　海通证券宏观首席分析师梁中华表示，美联储将仔细评估未来的数据、不断变化的前景和风险平衡，增加了“程度和时机”的表态，也就意味着美联储后续降息节奏或放缓，或按下暂停键。

　　“2025年美联储可能仍有2-3次的降息空间。”钟正生认为，在美国经济温和下行的背景下，美国通胀的基准情形保持相对稳定。随着时间推移，美联储中性利率可能仍在3%附近，美联储维持3.5%以上的利率仍是合适的。若美国就业市场意外降温，也可能触发美联储降息。

　　工银国际首席经济学家程实预计，2025年美联储降息幅度在50个-75个基点，即降息2-3次，进一步降息的节奏将取决于美国经济数据的表现与美联储的政策评估结果。考虑到一系列综合因素，若美国经济数据没有显示劳动力市场的急剧恶化，2025年1月美联储暂停降息是有可能的。

　　对于美联储2025年货币政策的具体路径，崔嵘判断，美联储大概率将在下次议息会议上宣布暂停降息并观察，或需等到3月的会议才能给出较为清晰的指引。

　　芦哲预计，2025年美联储货币政策或先松后紧，3月、6月各有25个基点的降息，警惕2025年下半年不降息风险。

　　美股调整压力加大

　　美联储12月利率决议公布后，海外金融市场出现明显波动，美股、黄金出现明显跳水行情，美元和美债收益率走高。

　　对此，国盛证券首席经济学家熊园认为，考虑到美联储2025年完全不降息的可能性很低，目前市场的降息预期已经接近触底。若后续美国经济和通胀数据的表现并未明显超预期，反而存在降息预期上调的可能性，因此本轮资产价格调整的时间和幅度或有限。

　　美联储降息预期生变，大类资产配置逻辑如何演绎？

　　钟正生表示，展望2025年一季度，海外市场可能暂时交易“紧缩”逻辑。美债利率和美元指数处于偏高水平，美股短期调整压力加大，黄金也可能阶段承压。二季度以后，美联储再次降息的时机可能逐渐显现，并引发海外市场情绪的缓和甚至反转。

　　崔嵘表示，短期来看，在美联储指引不清晰的情况下，美股市场乐观的“假日交易”情绪或告一段落，波动性将有所上升。

　　从配置角度上，芦哲判断，当前10年期美债以及已有一定程度回调的黄金具有较高的配置性价比。

　　想炒股，先开户！选东方财富证券，行情交易一个APP搞定>>"
东方财富,全球导读,“中东火药桶”要熄火了？布林肯：救援迟迟未到 哈马斯面临停火压力！,美国国务卿布林肯（AntonyBlinken）周四表示，巴勒斯坦激进组织哈马斯正面临着推动加沙地带停火的压力。他说，近几个月来，该组织从该地区盟友那里得到的支持减少了。他在一档节目中说道：“我们感到鼓舞，因为这应该发生，因为哈马斯正处于这样一个境地：他们以为可能前来救援的骑兵没有来救援，真主党没有来救援，伊朗也没有来救援。从第一天起，哈马斯就试图发动一场更广泛的战争。,"　　炒股第一步，先开个股票账户

　　美国国务卿布林肯（Antony Blinken）周四表示，巴勒斯坦激进组织哈马斯正面临着推动加沙地带停火的压力。他说，近几个月来，该组织从该地区盟友那里得到的支持减少了。

　　他在一档节目中说道：“我们感到鼓舞，因为这应该发生，因为哈马斯正处于这样一个境地：他们以为可能前来救援的骑兵没有来救援，真主党没有来救援，伊朗也没有来救援。从第一天起，哈马斯就试图发动一场更广泛的战争。”

　　有鉴于此，布林肯乐观地认为，哈马斯和以色列之间的战斗可能会停止，但他警告说，以前在该地区建立和平的努力都失败了。

　　“如果没有这些（救援），我认为哈马斯将面临最终同意的压力。所以我们应该能够做到这一点。”他说，但同时提醒人们必须“现实一点”，因为在过去的几个月里，有好几次以为停火协议就要达成了，但现实却还有一定差距。

　　不过，就目前来看，包括以色列国防部长伊斯雷尔・卡茨（Israel Katz）在内的各方官员都表示，这一协议比以往更接近达成。有媒体援引埃及和哈马斯官员的话说，停火协议将分多个阶段实施，包括用以色列人质交换巴勒斯坦囚犯、暂停战斗以及向加沙运送援助物资。

　　布林肯对达成协议也表现出了类似的乐观态度，并表示他将利用剩余的任期来推动结束这场持续了14个多月的冲突。

　　“听着，我充满希望。你必须充满希望。我们将利用剩下的每一天、每一周的每一分钟来努力完成这项工作，”他补充说：“但我不想冒险猜测概率是多少。”

　　作为背景，2023年10月7日，巴勒斯坦伊斯兰抵抗运动（哈马斯）从加沙地带突袭以色列境内军民目标，导致约1200人死亡，约250人被哈马斯等巴方武装人员带回加沙地带扣押。以总理内塔尼亚胡随即宣布以色列进入“战争状态”。以军开始空袭加沙地带。新一轮巴以冲突爆发。

　　布林肯周四还说，拜登总统的政府正在与该地区的伙伴合作，促使哈马斯同意停火协议，并重申希望把被扣押在加沙地带的人质带回来。布林肯最近刚结束对中东的第12次访问。

　　他说：“因此，真正的问题是：哈马斯是否有能力做出决定并同意？我们一直在与所有可能的合作伙伴就此事展开合作，试图对哈马斯施加必要的压力，使其同意。”

　　他接着说，“我当时在土耳其会见了埃尔多安总统。比尔・伯恩斯（美国中央情报局局长）正在前往该地区，杰克・沙利文（美国总统国家安全事务助理）和布雷特・麦格克（美国国家安全委员会中东和北非事务协调员）也在那里。”

　　“每个人都在推动这件事。我们想让它冲过终点线。我们想把人质救回家。我们希望停火，这样加沙地带的人们就能得到救济。”他补充说。

　　想炒股，先开户！选东方财富证券，行情交易一个APP搞定>>"
东方财富,全球导读,两年多以后 礼来减肥药Zepbound终于不再短缺,【两年多以后 礼来减肥药Zepbound终于不再短缺】美东时间周四，美国食品和药品管理局(FDA)发布消息称，礼来公司的畅销减肥药Zepbound已经不再短缺，这将对数十亿美元的复方药市场产生严重冲击。消息发布后，美国远程医疗公司Hims & Hers Health股价暴跌逾10%。,"　　全新妙想投研助理，立即体验

　　美东时间周四，美国食品和药品管理局(FDA)发布消息称，礼来公司的畅销减肥药Zepbound已经不再短缺，这将对数十亿美元的复方药市场产生严重冲击。消息发布后，美国远程医疗公司Hims & Hers Health股价暴跌逾10%。

　　FDA当天明确表示，始于2022年12月的Zepbound短缺问题已经得到解决，接下来还会继续监控这些产品的供需情况。替尔泊肽是礼来糖尿病药物Mounjaro和减肥药Zepbound的主要活性成分。

　　礼来公司的一位发言人表示，任何推广或销售未经批准的替尔泊肽的个人和企业现在必须停止了，以确保患者使用的是经过FDA审查、确认安全有效的药物。

　　自2022年底以来，这种以多种剂量销售的减肥药物一直在FDA的短缺名单上，患者、医生和药剂师纷纷抱怨难以获得这种药物。

　　由于买不到诺和诺德和礼来的减肥药物，因此一些患者转向了复方制剂，FDA允许在短缺的情况下制作这类药物，以帮助患者获得必要的治疗。

　　然而，FDA并不对这些复方制剂进行审批，也不像对传统处方药那样进行同样的监管。这意味着，尽管复方制剂含有与原药物相同的活性成分，但它们的制备过程、质量控制和安全性可能不会受到与商业生产药物相同的监管标准。

　　因此，FDA周四宣布，随着Zepbound短缺时代的结束，某些药店将不得不停止生产、销售或分发替尔泊肽复方制剂。

　　据悉，复方药房必须在未来60至90天内停止生产替西帕肽的复方版本，目的是让患者有足够的时间从复方版本过渡到FDA批准的品牌药物。

　　这对复方药房来说是一个沉重打击，这些药店表示，他们的仿制药物可以帮助那些没有覆盖Zepbound保险、也负担不起每月约1000美元的高昂药价的患者。Zepbound和其他减肥药价格昂贵且保险覆盖有限。

　　与此同时，礼来和诺和诺德已经开始起诉这些复方药企，理由是营销和减肥药质量问题。礼来此前已投资数十亿美元扩大替尔泊肽的生产能力，希望满足前所未有的市场需求。

　　美国药房配药联盟首席执行官Scott Brunner表示，这一声明并不出人意料，但不一定是故事的结局，不相信Zepbound的短缺真的结束了。

　　Bernstein分析师Courtney Breen认为，FDA的决定表明，“复方药狂潮”即将结束，但由于许多患者可能仍然无法负担Zepbound的高昂费用，因此对这些药物的整体需求和处方量的影响可能不会太大。"
东方财富,全球导读,特斯拉沟通邮件曝光！无人驾驶车队或计划“进军”得州首府,【特斯拉沟通邮件曝光！无人驾驶车队或计划“进军”得州首府】据媒体报道，特斯拉公司正在与奥斯汀市就其自动驾驶汽车技术进行早期讨论，希望最早于明年在这个城市的道路上推出其首个无人驾驶车队。,"　　全新妙想投研助理，立即体验

　　据媒体报道，特斯拉公司正在与奥斯汀市就其自动驾驶汽车技术进行早期讨论，希望最早于明年在这个城市的道路上推出其首个无人驾驶车队。

　　根据媒体获得的电子邮件，特斯拉的一名员工至少从5月份开始就一直在于奥斯汀市的自动驾驶汽车特别工作组进行沟通，以确定得克萨斯州州府能否成为第一个采用特斯拉无人驾驶车队的城市。

　　这位员工在11月份的一封电子邮件中表示，“特斯拉仍在得克萨斯州寻找一个可以部署的城市……奥斯汀市显然在我们的路线图上，但我们尚未决定首先部署在哪里，因为我们有很多选择。”

　　报道称，这位特斯拉员工曾表示，公司有兴趣加入奥斯汀市的自动驾驶汽车工作组。这位员工表示，公司的目标是满足奥斯汀的安全期望，并培训急救人员如何与车辆互动。

　　据了解，奥斯汀的自动驾驶汽车工作组于去年成立，主要由该市的交通部门和急救人员组成，任务是与自动驾驶汽车公司和居民合作，收集反馈和事故数据，并制定安全培训和程序。

　　Cybercab

　　能否成功推出无人驾驶汽车对特斯拉来说特别重要，因为埃隆・马斯克越来越多地将公司的未来押注在这一领域。但所需的批准可能还需要数年时间，而且许多竞争对手已经在部分城市部署了这类汽车。

　　在今年10月的发布会上，特斯拉展示了一款专门用于Robotaxi业务的原型车“Cybercab”，汽车采用鸥翼门设计，没有方向盘和踏板，依托特斯拉的全自动驾驶（FSD）软件，预计将于2026年投产。

　　当时马斯克还透露，特斯拉还会开发一个专门用于叫车服务的官方应用程序。不过，这场活动给投资者带来很多新的疑问，包括存在争议的FSD软件的安全性，导致公司股价次日暴跌超10%。

　　马斯克曾在10月份的财报电话会上表示，特斯拉已经在加州的湾区与特斯拉员工一起试行拼车技术，但车辆上是配备了安全员的。该公司可能也会在得州采用类似的方法。

　　特斯拉自动驾驶汽车在得州面临的监管障碍可能会少得多，奥斯汀市长Kirk Watson曾表示，尽管自动驾驶技术“前景光明”，但目前还未成熟。"
东方财富,全球导读,全球市场：美股三大指数收盘涨跌不一 道指终止十连跌 美光科技跌超16%,【全球市场：美股三大指数收盘涨跌不一 道指终止十连跌 美光科技跌超16%】1、道指涨0.04%，终止十连跌，纳指跌0.10%，标普跌0.09%。2、大型科技股涨跌不一，英伟达、奈飞涨超1%，特斯拉、微软小幅下跌。3、美光科技跌超16%，第二财季指引逊于预期。4、纳斯达克中国金龙指数跌0.06%，百度跌超3%，理想汽车涨超2%。,"　　美股市场：美股三大指数收盘涨跌不一，道指终止十连跌。截至当天收盘，道琼斯工业平均指数比前一交易日上涨15.37点，收于42342.24点，涨幅为0.04%；标准普尔500种股票指数下跌5.08点，收于5867.08点，跌幅为0.09%；纳斯达克综合指数下跌19.92点，收于19372.77点，跌幅为0.10%。

　　大型科技股涨跌不一，英伟达、奈飞、亚马逊涨超1%，谷歌、苹果小幅上涨；英特尔跌超1%，特斯拉、微软、Meta小幅下跌。美光科技跌超16%，第二财季指引逊于预期。

　　热门中概股涨跌不一，纳斯达克中国金龙指数跌0.06%。百度、房多多跌超3%，斗鱼跌超2%；理想汽车、新东方涨超2%。

　　欧股市场：欧洲三大股指当天全线下跌。英国伦敦股市《金融时报》100种股票平均价格指数19日报收于8105.32点，较前一交易日下跌93.79点，跌幅为1.14%。法国巴黎股市CAC40指数报收于7294.37点，较前一交易日下跌90.25点，跌幅为1.22%；德国法兰克福股市DAX指数报收于19969.86点，较前一交易日下跌272.71点，跌幅为1.35%。

　　商品市场：国际油价19日下跌。截至当天收盘，纽约商品交易所2025年2月交货的轻质原油期货价格下跌64美分，收于每桶69.38美元，跌幅为0.91%，纽约商品交易所2025年1月交货的轻质原油期货价格下跌67美分，收于每桶69.91美元，跌幅为0.95%；2025年2月交货的伦敦布伦特原油期货价格下跌51美分，收于每桶72.88美元，跌幅为0.69%。国际金价收跌，COMEX黄金期货下跌45.2美元/盎司，跌幅1.70%，报2608.10美元/盎司。

　　在东方财富看资讯行情，选东方财富证券一站式开户交易>>

　　以下为全球市场重要资讯汇总：

　　全球要闻

　　俄油价格上限实施两年 G7据悉正探讨加强制裁措施

　　据媒体援引消息人士报道，七国集团（G7）正在探讨如何加强针对俄罗斯石油的价格上限机制，以更有效地削弱俄罗斯的能源收入。2022年12月，G7、欧盟和澳大利亚针对俄罗斯原油设置了60美元/桶的价格上限，只有当俄罗斯石油价格低于上限时，西方公司才被允许为运载俄油的船舶提供保险和金融等服务。

　　美FAA在新泽西州发布无人机飞行禁令 事件背后依旧迷雾重重

　　当地时间周四(12月19日)，美国联邦航空管理局(FAA)发布了一项临时禁令，禁止在新泽西州22个不同区域使用无人机，禁令将一直持续至2025年1月17日，除非因特殊安全原因获得政府的特别许可。

　　两年多以后 礼来减肥药Zepbound终于不再短缺

　　美东时间周四，美国食品和药品管理局(FDA)发布消息称，礼来公司的畅销减肥药Zepbound已经不再短缺，这将对数十亿美元的复方药市场产生严重冲击。消息发布后，美国远程医疗公司Hims & Hers Health股价暴跌逾10%。

　　“苹果智能”引发讨论：AI总结新闻摘要出大错

　　就在中国股民热议苹果公司与某些科技公司洽谈AI模型合作的同时，海外投资者则在讨论另一个话题：全球市值最高上市公司的AI，似乎在关键领域不太靠得住。

　　日本两大“谷子经济”巨头签订联盟协议 拓展全球IP合作

　　当地时间周四，日本角川集团（Kadokawa）、索尼发布公告，宣布达成股权收购和商业联盟协议。双方同时宣布，将在全球范围内挖掘、收购和运营各类IP产品。

　　特斯拉沟通邮件曝光！无人驾驶车队或计划“进军”得州首府

　　据媒体报道，特斯拉公司正在与奥斯汀市就其自动驾驶汽车技术进行早期讨论，希望最早于明年在这个城市的道路上推出其首个无人驾驶车队。

　　英国央行维持利率不变 但投票结果出乎市场意料

　　当地时间周四，英国央行宣布将基准利率维持在4.75%不变，符合市场预期，该央行今年累计降息50个基点。货币政策委员会(MPC)以6比3的投票结果通过了此次利率决议，英国央行副行长拉姆斯登、货币政策委员丁格拉、泰勒三人则主张降息。这表明越来越多的央行官员不顾通胀持续存在的证据，支持立即降息。

　　全新妙想投研助理，立即体验"
东方财富,全球导读,特朗普反对两党支出法案 美联邦政府停摆风险加大,【特朗普反对两党支出法案 美联邦政府停摆风险加大】美国当选总统特朗普18日对一项国会两党已大致达成协议的短期支出法案表示反对，这让美国联邦政府陷入停摆的风险加大。,"　　炒股第一步，先开个股票账户

　　美国当选总统特朗普18日对一项国会两党已大致达成协议的短期支出法案表示反对，这让美国联邦政府陷入停摆的风险加大。

　　特朗普当天对福克斯新闻频道表示，他“完全反对”拟议中的短期支出法案。当选副总统万斯在社交媒体上发布的一份与特朗普的联合声明中表示，国会应该通过“干净版”的支出法案，而不是满足民主党的所有要求。该声明同时敦促共和党向民主党施压，让其同意提高债务上限。

　　9月下旬，美国会曾通过一项短期支出法案，将为联邦政府提供资金的期限从9月30日延长至12月20日。当前，联邦政府资金还有两天就将耗尽，如果两党不能及时推动新的支出法案在国会通过，那么联邦政府部分机构将陷入停摆。

　　美国国会众议院17日发布了新拟定的短期支出法案，这一法案将在未来三个月将联邦支出维持在当前水平，为立法者提供更多时间就新的年度拨款法案进行谈判。同时，该法案还包括1000亿美元救灾资金，还将农业法案延期一年，并给农民提供100亿美元援助。

　　由于一些共和党保守派议员反对，加之众议院共和党的多数优势微弱，共和党人需要民主党人的支持才能通过这一短期支出法案。

　　尽管两党已初步达成协议，但特朗普的最新表态使该法案的前景蒙上了阴影。鉴于特朗普在党内的影响力，众议院共和党领袖已着手寻求备用方案。

　　特朗普的表态招致民主党人的批评。众议院少数党领袖哈基姆・杰弗里斯在社交媒体平台X上说：“你破坏两党协议，你就必须承担随之而来的后果。”"
东方财富,全球导读,美FAA在新泽西州发布无人机飞行禁令 事件背后依旧迷雾重重,【美FAA在新泽西州发布无人机飞行禁令 事件背后依旧迷雾重重】当地时间周四(12月19日)，美国联邦航空管理局(FAA)发布了一项临时禁令，禁止在新泽西州22个不同区域使用无人机，禁令将一直持续至2025年1月17日，除非因特殊安全原因获得政府的特别许可。,"　　全新妙想投研助理，立即体验

　　当地时间周四(12月19日)，美国联邦航空管理局(FAA)发布了一项临时禁令，禁止在新泽西州22个不同区域使用无人机，禁令将一直持续至2025年1月17日，除非因特殊安全原因获得政府的特别许可。

　　在过去几个星期里，新泽西州和附近各州持续出现无人机目击事件，有时甚至是成群结队的无人机，这引发了民众的担忧和政府的警觉。

　　包括新泽西州众议员杰夫・范德鲁和克里斯・史密斯在内的一些人呼吁联邦政府击落无人机，而联邦官员则表示，无人机不会对国家安全或公共安全构成威胁。

　　FAA表示，应联邦安全合作伙伴的要求，22个不同区域将禁止使用无人机，政府部门特殊行动是例外情况，包括消防、救灾等任务，有正当工作理由的商业无人机也可以飞行，但必须取得政府的特别许可。

　　据悉，美国联邦调查局过去几周收到了超过5000起无人机目击报告，其中约有100条线索。联邦政府正在支持州和地方官员调查这些报告，以回应民众查清真相的呼声。

　　美国政府机构和白宫表示，无人机目击事件的激增不会对国家安全构成威胁，似乎主要是飞机、业余无人机、直升机和被误认为无人机的星星。尽管几名议员警告称，一些无人机可能有邪恶的意图。

　　FAA、联邦调查局、国防部和国土安全部本周发表联合声明表示，各机构正在调查这些事件，他们发现许多报告的无人机目击事件实际上是有人驾驶的飞机被误认为是无人机。

　　国土安全部的一名官员表示：“目前，我们还没有发现有任何理由相信这些无人机涉及任何犯罪活动，存在任何危害国家安全行为，存在任何特定的公共安全威胁，或者有恶意的外国行为者参与其中。”

　　联邦调查局警告人们不要用枪支或激光射击无人机，或者他们认为是无人机的东西。“这些做法可能是危险的，如果有人驾驶的飞机被错误地瞄准，可能会导致致命的后果，因为飞行员可能会被激光弄瞎。”

　　众议院情报委员会成员拉贾・克里希纳莫西表示，没有证据表明有任何不法行为。“我认为在这次特别简报中真正突出的一件事是，不同的执法部门和其他机构缺乏无人机探测和击落的技术和资源。而且，缺乏法律和规章制度的指引，使他们能够做他们必须做的事情来保护家园。”

　　还有联邦调查局特工指出，政府令人困惑的声明导致了公众的强烈抗议。“有些人对此非常非常害怕，不管这种焦虑是他们自己造成的，还是真的存在，我认为这是一件大事。政府必须有一条将信息更好的传递给民众的途径，政府必须认真对待民众的意见。”

　　与此同时，在Palantir宣布与Red Cat Holdings建立合作关系，以及人们对无人机神秘目击事件的兴趣上升后，无人机类股本周出现反弹，无人机供应商Red Cat的股价周四上涨逾10%。"
东方财富,全球导读,俄油价格上限实施两年 G7据悉正探讨加强制裁措施,【俄油价格上限实施两年 G7据悉正探讨加强制裁措施】据媒体援引消息人士报道，七国集团（G7）正在探讨如何加强针对俄罗斯石油的价格上限机制，以更有效地削弱俄罗斯的能源收入。,"　　炒股第一步，先开个股票账户

　　据媒体援引消息人士报道，七国集团（G7）正在探讨如何加强针对俄罗斯石油的价格上限机制，以更有效地削弱俄罗斯的能源收入。

　　2022年12月，G7、欧盟和澳大利亚针对俄罗斯原油设置了60美元/桶的价格上限，只有当俄罗斯石油价格低于上限时，西方公司才被允许为运载俄油的船舶提供保险和金融等服务。

　　然而，西方实行俄油价格上限机制已有两年时间，但效果并不佳。

　　限价机制推出之初，俄罗斯原油价格明显低于60美元/桶的上限，这让价格上限机制显得有些多余。俄乌冲突爆发后，西方普遍回避俄罗斯的石油，于是俄罗斯转而向印度等亚洲买家出口廉价石油。

　　从去年7月开始，情况出现了变化，俄罗斯原油价格大部分时间里都高于60美元/桶的上限，让价格上限机制形同虚设。

　　按照西方的公开说法，对俄油实施价格上限的主要目的是限制俄罗斯的能源收入，同时又要防止俄油彻底退出国际市场，进而冲击全球石油供应。而随着原油价格因供应过剩而持续低迷，西方国家也对采取更激进的行动持开放态度。

　　知情人士透露，西方正在考虑多种选项，相对温和的方案是进一步下调价格上限，从目前的60美元/桶下调至40美元/桶。而更激进的选择是从根本上全面禁止处理俄罗斯原油，以代替价格上限机制。

　　上述知情人士称，讨论仍在进行中，目前尚未就下一步措施达成共识。

　　据悉，在权衡可能的选择时，G7希望能在任何措施的潜在经济影响与海上安全等其他问题之间取得平衡。一些G7成员国认为，如果俄罗斯使用更可靠的运营商，贸易可能会从中受益。"
东方财富,全球导读,英国央行维持利率不变 但投票结果出乎市场意料,【英国央行维持利率不变 但投票结果出乎市场意料】当地时间周四，英国央行宣布将基准利率维持在4.75%不变，符合市场预期，该央行今年累计降息50个基点。,"　　在东方财富看资讯行情，选东方财富证券一站式开户交易>>

　　当地时间周四，英国央行宣布将基准利率维持在4.75%不变，符合市场预期，该央行今年累计降息50个基点。

　　货币政策委员会(MPC)以6比3的投票结果通过了此次利率决议，英国央行副行长拉姆斯登、货币政策委员丁格拉、泰勒三人则主张降息。这表明越来越多的央行官员不顾通胀持续存在的证据，支持立即降息。

　　市场原本预期只会有一位委员支持降息25个基点，但现在人数显然超出了预期。因此在利率决议公布后，英镑兑美元短线下挫了30多点。

　　英国央行行长贝利表示，对未来的降息采取“渐进的方法”仍然是正确的，但随着经济不确定性的增加，无法承诺明年何时降息或降息多少。

　　英国央行声明称，此前一天公布的数据显示，11月份英国消费者价格指数(CPI)上升至2.6%，高于前值2.3%。而英国央行预计整体通胀将继续小幅上升，尤其是服务业通胀仍处于“高位”。

　　然而，英国央行也将今年最后一个季度的经济增长预测从此前的0.3%下调至零。根据上周的官方数据，英国经济在9月和10月出现收缩，这是自2020年以来首次连续出现月度产出下降。

　　在通胀和薪资数据发布后，货币市场本周减少了对英国央行明年进一步降息的押注，目前市场预期会有50个基点的降息，低于周一预期的约70个基点。

　　毕马威英国首席经济学家Yael Selfin表示，由于当前面临的通胀挑战，英国央行降息的能力将受到限制。“这将使英国央行相对于其他央行，尤其是欧洲央行，处于一个独特的位置上。在欧洲，增长前景趋弱增加了降息的紧迫性。”

　　但会计机构ICAEW经济主管Suren Thiru认为，有迹象表明，英国央行可能会更快采取行动。“投票结果的分歧和会议纪要的鸽派基调表明，2月份降息的可能性很大。”

　　Ebury市场策略主管Matthew Ryan表示，英国央行官员在未来的利率路径上似乎“比以往任何时候都更加分裂”，鸽派关注脆弱的英国经济，而鹰派则倾向于渐进的方式降息，因为近期通胀上升。

　　他补充说，英国最近的预算以及美国当选总统特朗普领导下贸易紧张局势升级的威胁，也可能推动通胀进一步上扬。"
东方财富,全球导读,“苹果智能”引发讨论：AI总结新闻摘要出大错,就在中国股民热议苹果公司与某些科技公司洽谈AI模型合作的同时，海外投资者则在讨论另一个话题：全球市值最高上市公司的AI，似乎在关键领域不太靠得住。作为近几天最热的案例，英国广播公司近一周接连发表报道，指责苹果公司上周在英国上线的“苹果智能”，错误地归纳了这家媒体的新闻推送。,"　　在东方财富看资讯行情，选东方财富证券一站式开户交易>>

　　就在中国股民热议苹果公司与某些科技公司洽谈AI模型合作的同时，海外投资者则在讨论另一个话题：全球市值最高上市公司的AI，似乎在关键领域不太靠得住。

　　作为近几天最热的案例，英国广播公司近一周接连发表报道，指责苹果公司上周在英国上线的“苹果智能”，错误地归纳了这家媒体的新闻推送。

　　截图显示，苹果的AI推送摘要错误地表示，近期因为枪杀联合健康保险公司CEO引发全球关注的路易吉・曼乔内“对自己开枪”――事实上并没有这回事。令媒体机构难以忍受的是，苹果AI在推送错误总结时，看上去还像是BBC新闻终端推送的信息。

　　（来源：BBC）

　　事实上，这并不是一个孤例。在社交媒体上还有苹果AI归纳《纽约时报》的新闻推送，得出“内塔尼亚胡被捕”的虚假结果。

　　（来源：X）

　　BBC的发言人表示，已经向苹果公司表达了担忧，但整整一周还未收到回复。

　　类似报告层出不穷

　　这次事件的中心是“苹果智能”的通知摘要功能，引发这些问题的一个潜在可能性，会是苹果用来总结内容的模型――安装在设备端的30亿参数量“小”模型能力不足――而且这是苹果自研的模型，怪不了别人。

　　苹果官网发布的研究也显示，端侧模型总结能力的满意度，大致就在70%左右。虽然结果比起竞品的迷你模型稍好一些，但依然距离“不出重要差错”相去甚远。

　　（来源：苹果机器学习研究）

　　事实上，在社交媒体上不乏“苹果智能”生成的笑话。例如苹果会总结智能家居摄像头的通知，然后在凌晨1点通知用户――你家的前门、后门和车道上有好多人。

　　（来源：The Verge主编Nilay Patel的手机）

　　就目前而言，“苹果智能”的通知摘要只是一个存在缺点，偶尔还能制造一些笑点的工具。但是在时事新闻领域，关键信息出错可能会带来严重的认知偏差（想想看如果你下单交易完，发现手机总结的新闻是错的）。人工智能目前依然是一种“以一定概率生成正确内容”的软件，但信息能否准确传播，恐怕不应该由概率来决定。"
东方财富,全球导读,都有人开始押注美联储加息了？美国10年期国债收益率“九连涨”！,在美联储鹰派降息并预计明年会放慢宽松步伐后，一些美债市场的抛售纪录被进一步打破：基准十年期美债收益率周四迎来了“九连涨”，而收益率曲线则达到了约30个月以来最为陡峭的水平。周四各期限美债收益率间的分化其实颇为明显：短债收益率下行，而长债收益率则大涨。,"　　炒股第一步，先开个股票账户

　　在美联储鹰派降息并预计明年会放慢宽松步伐后，一些美债市场的抛售纪录被进一步打破：基准十年期美债收益率周四迎来了“九连涨”，而收益率曲线则达到了约30个月以来最为陡峭的水平。

　　周四各期限美债收益率间的分化其实颇为明显：短债收益率下行，而长债收益率则大涨。截止纽约时段尾盘，2年期美债收益率跌4个基点报4.329%，5年期美债收益率涨1.6个基点报4.431%，10年期美债收益率涨4.6个基点报4.569%，30年期美债收益率涨6.2个基点报4.74%。

　　收益率的这种分化导致两年期美债收益率一度比10年期美债收益率低出了将近27个基点，这是自2022年以来这条最常被提及的美债收益率曲线最为陡峭的水平。

　　在美联储近几个月将政策利率整整下调了100个基点之后，鉴于通胀反弹和经济复苏可能令美联储明年降息进程受阻，投资者不愿持有期限更长的国债，从而导致了所谓的曲线陡峭化。

　　美联储本周将联邦基金利率目标区间再度下调了25个基点，至4.25%-4.50%。但联储主席鲍威尔表示，借贷成本进一步下调取决于未来抗通胀的进展。美联储周三还公布了其最新利率“点阵图”，显示决策者预计到2025年底只会有两次各25个基点的降息。这比他们9月时预计的明年降息幅度减少了一半。

　　值得一提的是，在本周美联储决议结束后，一些期权交易员甚至将注意力转向了美联储明年某个时候启动加息周期的可能性。

　　与有担保隔夜融资利率(SOFR)相关的期权市场走势反映市场预期2025年末货币政策将急剧转鹰，尽管美联储主席鲍威尔在本周新闻发布会上曾表示，明年加息是“不太可能出现的结果”。

　　BMO资本市场美国利率策略主管Ian Lyngen表示，较长期国债走弱是由于美联储的鹰派态度，以及国债扩容压力等因素所致，曲线趋陡的趋势在2024年结束前仍有很长一段路要走。

　　不少债券投资者目前还关注于美国候任总统特朗普的税改政策能否提振经济和推高通胀，预算赤字或进一步恶化。

　　考虑到未来赤字前景、美联储降息前景受挫以及特朗普政府政策的不确定性，资产管理公司更倾向于持有短期美国国债，这给收益率曲线变陡提供了助力。不少分析师指出，收益率曲线趋陡反映了长债市场的悲观情绪，预期明年通胀将再度抬头，包括美国财政赤字不断扩大，将不得不通过发行更多公债来填补赤字。

　　整体而言，有着“全球资产定价之锚”之称的10年期美国国债收益率目前已从9月中旬3.60%的低点稳步走高。尤其是自上周初以来，10年期美债收益率已经连续九个交易日上涨，而上一次该期限收益率出现十连涨，则还要追溯到1978年。

　　Creative Planning首席市场策略师Charlie Bilello指出，目前距离美联储首次降息已过去3个月，但10年期国债收益率却大涨了约86个基点。这与之前的降息周期开始时的表现截然不同，当时10年期美债收益率要么走低，要么基本保持不变。

　　Bilello表示，债券市场是在对美联储说些什么呢？答案有两点：

　　a) 你可能已经摆脱了通货膨胀，但通货膨胀并没有摆脱你，b) 回到过去的宽松货币政策之路并不容易。

　　在经济数据方面，美国商务部周五将公布美国11月PCE物价指数，值得投资者密切留意。业内调查的预估中值显示，11月美国整体和核心PCE物价指数环比都上涨0.2%，同比涨幅则料分别为2.5%和2.9%。

　　全新妙想投研助理，立即体验"
东方财富,全球导读,日本两大“谷子经济”巨头签订联盟协议 拓展全球IP合作,当地时间周四，日本角川集团（Kadokawa）、索尼发布公告，宣布达成股权收购和商业联盟协议。双方同时宣布，将在全球范围内挖掘、收购和运营各类IP产品。（来源：角川集团官网）根据公告，两家公司将在明年1月7日进行第三方配售，索尼将以499.76亿日元的价格收购角川集团新发行的1205万股新股。,"　　炒股第一步，先开个股票账户

　　当地时间周四，日本角川集团（Kadokawa）、索尼发布公告，宣布达成股权收购和商业联盟协议。双方同时宣布，将在全球范围内挖掘、收购和运营各类IP产品。

　　（来源：角川集团官网）

　　根据公告，两家公司将在明年1月7日进行第三方配售，索尼将以499.76亿日元的价格收购角川集团新发行的1205万股新股。交易完成后，算上索尼在2021年2月收购的股份，整体的持股比例将达到10%，成为角川最大单一股东。

　　根据今年3月披露的数据，索尼拥有角川约2%的股份，以及角川子公司FromSoftware 14%的股份。

　　作为协议的一部分，索尼同意在未来一年内原则上不出售配售得到的股票，同时也承诺原则上不把角川的股票出售给有竞争关系的第三方，除非事先得到角川书面同意。

　　创造更多IP

　　虽然角川是一家日本公司，但许多中国股民或多或少接触过这家公司的IP。其中比较有名的包括FromSoftware开发的游戏《艾尔登法环》、《黑暗之魂》。所以也有媒体认为，索尼增持角川，也是对微软“钞能力”的防御举措。

　　同时角川是日本三大出版集团之一，也能算是日本第四大电影公司，所以公司旗下储备了巨量的小说、漫画、电影、动漫IP，更重要的是掌握了“发掘”新IP的出版渠道。

　　事实上，在中国的一些商场里也能看到角川的身影。2010年中南出版传媒集团与角川合资成立广州天闻角川，随后在2016年腾讯从中南集团收购了天闻角川的股权，成为第二大股东。所以公司的主营业务，也包含在全球市场卖“谷子”。

　　（来源：天闻角川官网）

　　两家公司在周四的声明中表示，双方计划“加强合作，最大化两家公司在全球的IP价值，并促进更广泛和更深入的合作”。这将包括考虑在内容领域的联合投资，和共同挖掘新创作者。两家公司将讨论联合企划，例如制作使用角川IP的真人电影和电视剧，以及通过索尼渠道扩大角川动漫作品的全球发行。

　　参考过去角川出版的IP《刀剑神域》，动画就是找索尼旗下Aniplex制作的，这大概会是未来的常态。

　　据当地媒体援引知情人士透露，索尼计划向角川派遣一名董事，但不打算进一步收购股权。这也代表着整笔交易的规格，远低于市场此前的预期――市场传闻曾表示索尼会全面收购角川，而且从资本市场的角度来看，双方官宣的交易价格（4146日元/股）也要低于周四收盘时的角川股价。

　　（角川日线图，来源：TrradingView）

　　角川在信披文件中表示，在交易所得的500亿日元中，200亿日元将用来创建、开发和收购新的IP，包括收购全球出版商、动漫制作公司和游戏公司。公司也在计划扩展用户生成内容平台――用户可以在平台上发布小说等作品，以发现新创作者。

　　剩下的300亿日元将用于增强全球IP分发，角川强调将特别关注“庞大的英语和中文市场”，并计划开发海外制造和分销基地。

　　而在合作的另一边，索尼为截至2027年3月的三年设定了1.8万亿日元的投资预算，旨在通过IP来推动增长。

　　想炒股，先开户！选东方财富证券，行情交易一个APP搞定>>"
东方财富,全球导读,美联储宣布降息25个基点 预计来年放缓降息节奏,【美联储宣布降息25个基点 预计来年放缓降息节奏】美国联邦储备委员会18日结束为期两天的货币政策会议，宣布将联邦基金利率目标区间下调25个基点到4.25%至4.50%之间，并预计2025年降息幅度或收窄至50个基点。,"　　全新妙想投研助理，立即体验

Play Video

　　美国联邦储备委员会18日结束为期两天的货币政策会议，宣布将联邦基金利率目标区间下调25个基点到4.25%至4.50%之间，并预计2025年降息幅度或收窄至50个基点。

　　这是美联储今年9月以来连续第三次降息。美联储在当天发表的声明中说，美国经济继续稳健扩张。今年早些时候以来，劳动力市场紧张状况普遍有所缓解，失业率有所上升但仍保持在低位。通胀率朝着2%的长期目标取得进展，但“仍然有些高”。

　　声明说，实现就业和通胀目标的风险大致处于平衡状态，但美国经济前景仍不确定。在评估适当的货币政策立场时，美联储决策机构联邦公开市场委员会将继续监测即将发布的信息对经济前景的影响。如果出现可能阻碍目标实现的风险，委员会将准备酌情调整货币政策立场。

　　美联储当天还发布最新一期经济前景预期，预测今明两年美国经济将分别增长2.5%和2.1%，与9月预测相比分别上调0.5个百分点和0.1个百分点。今明两年失业率预计分别为4.2%和4.3%，较此前预测有所下调。以个人消费支出价格指数衡量的通胀率预测分别为2.4%和2.5%，剔除食品和能源价格后的核心通胀率分别为2.8%和2.5%，均超过2%的长期通胀目标。

　　根据经济前景预期，19名联邦公开市场委员会成员中有10人认为，至2025年底联邦基金利率目标区间将降至3.75%到4%之间。以每次降息25个基点为计算，美联储明年或仅降息两次，与今年9月预计的四次降息有较大程度放缓。

　　美联储主席鲍威尔在会后的新闻发布会上表示，截至目前联邦基金利率已从峰值下调一个百分点，货币政策立场已经“明显减少了限制性”。因此，在考虑进一步调整政策利率时，美联储“可以更加谨慎”。由于通胀风险和不确定性很高，联邦公开市场委员会预计来年放慢进一步调整政策利率的步伐“是合适的”，“与更为坚挺的通胀预期相符”。

　　今年9月18日，美联储宣布将联邦基金利率目标区间下调50个基点到4.75%至5%之间。这是美联储自2020年3月以来首次降息。

　　鲍威尔发布会

　　鲍威尔：放缓降息时刻或来临 已开始评估特朗普政策 无意持有比特币

　　决议声明

　　美联储如期降息25个基点 预计2025年仅降息两次

　　分析解读

　　凌晨重磅！美联储又降息25个基点 影响几何？2025年降息如何演绎？一图看懂

　　一图解读美联储12月决议：“三连降”如期而至 明年料仅降息两次！


　　凌晨重磅！美联储宣布降息25个基点（附历次降息沪指表现）


　　凌晨突发！美联储宣布：降息25基点！美股崩了 看最新解读


　　“美联储传声筒”Nick Timiraos：美联储政策声明中暗示将放缓降息步伐

　　“新债王”Gundlach：美联储1月份降息的可能性较低

　　市场影响

　　全球市场：美股大幅收跌 纳指跌超3% 道指十连跌、创50年来最长连跌记录

　　现货黄金盘中失守2590美元/盎司

　　现货白银日内大跌

　　美国5年期国债收益率触及7月初以来最高 报4.384%

　　美国利率期货定价美联储1月维持利率不变的概率超过90%

　　想炒股，先开户！选东方财富证券，行情交易一个APP搞定>>"
东方财富,全球导读,外汇市场异动！美元兑日元突然飙升！发生了什么？,外汇市场异动！上午10点半过后，美元兑日元突然直线拉升，日元走低约80点，一度报155.43。主要原因是日本央行维持基准利率在0.25%不变，虽符合预期，但仍有超出预期的指引。日本央行表示，潜在CPI预计将逐渐上升。核心CPI最近处于2-2.5%的区间内。经济活动和物价仍面临高度不确定性。经济增速料将保持在潜在水平上方。相比于之前，汇率现在更有可能对物价造成影响。,"　　在东方财富看资讯行情，选东方财富证券一站式开户交易>>

　　外汇市场异动！


　　上午10点半过后，美元兑日元突然直线拉升，日元走低约80点，一度报155.43。主要原因是日本央行维持基准利率在0.25%不变，虽符合预期，但仍有超出预期的指引。

　　日本央行表示，潜在CPI预计将逐渐上升。核心CPI最近处于2-2.5%的区间内。经济活动和物价仍面临高度不确定性。经济增速料将保持在潜在水平上方。相比于之前，汇率现在更有可能对物价造成影响。政府的举措、油价将影响物价。需要关注市场动态对经济和物价的冲击。下半年的评估期内，物价将与目标水平保持一致。将在制定政策时利用好政策评估结论。

　　那么，日元的趋势和日元套息交易究竟会如何演绎？

　　日元突发

　　今天早盘，日元再度成为市场的焦点。美元兑日元在昨日夜盘大涨之后，今天上午十点半过后，再度飙升。日元走低约80点，一度报155.43。而且，从近期的趋势来看，美元兑日元处于一个上升趋势当中，这也意味着日元在持续走弱。

　　导致日元走弱的主要原因有两个：一是美联储虽然降息，但其预期转向以鹰派为主的基调；二是日本央行没有加息。今天早上，日本央行维持基准利率在0.25%不变。日本央行以8-1的投票结果维持利率不变，委员田村直树投票反对，他建议加息至0.5%。

　　日本央行表示，民间消费有温和增长的趋势。日本经济温和复苏，但仍存在一些弱点。日本经济与物价前景的不确定性仍高。必须密切注意汇率、市场走势及其对日本经济和物价的影响，政策给股票和汇率带来的相互作用存在“高度不确定”。由于企业薪资和定价行为的变化，汇率波动对通胀的影响可能比过去更大。

　　日本央行还表示，大规模宽松政策帮助了经济摆脱通缩，非常规政策的影响程度尚不确定，负利率和日本国债购买给名义利率带来下行压力。日本央行维持利率决议不变后，日本国债期货维持跌势。日经225指数跌幅收窄至0.5%。

　　趋势如何演绎？

　　那么，日元和日股究竟会如何演绎？又会如何影响全球市场？

　　有机构认为，在11月11日，石破茂再次当选日本首相后，日本经济依旧面临几大挑战，其中寻求通胀和经济增长之间的平衡尤为重要。近期，日本股市陷入了区间震荡走势当中，日元汇率不再单边贬值。到了明年，石破茂刺激经济的方向在于提高居民收入，并通过补贴抗击通胀，但效果还有待观察。特朗普新一届政府加征关税可能对日本经济构成额外冲击，日本债务的可持续性也存在问题。因此，日本股市尚未迎来新的上涨驱动，加息导致日元汇率可能阶段性升值，但持续性有待观察。

　　高盛在其2025年日本经济展望报告中认为，日本已经跨过了关键的通胀关口――良性“工资-价格螺旋”已经出现。日本私人部门消费的增长很大程度上来源于收入的增长。10月6日，日本厚生劳动省发布的报告显示，10月全职就业人口平均工资同比增长2.8%至336070 日元（约合2239美元），为1994年以来最大增幅。除去奖金和临时工资，基础工资在10月份上升了2.7%，这是自1992年11月以来增长最快的一次。在经济预期向好和加息预期还在的背景之下，日元持续贬值的空间可能并不大。

　　日元影响全球市场的主要途径则是套息交易。据中国银行11月21日发布的研报，日元套息交易的边际变动受美日央行货币政策走向的共同影响，旬度和月度指标显示，日本海外证券类投资和日元融资规模均出现小幅下滑，将在中期压制套息交易；周度指标显示，日元兑美元期货衍生品相关的投机性净空头仓位正在积聚，该趋势短期或仍将维持。

　　截至11月19日当周，CME日元兑美元期货和期权头寸为净空头5795张，自9月中旬的多头峰值16166张快速下降至临界值后转向空头方向。综合各指标，短期日元汇率或承压，中长期套息交易将共同面临来自双向的推力，日元汇率或将在当前水平维持宽幅震荡。

　　全新妙想投研助理，立即体验"
东方财富,全球导读,全球市场：美股大幅收跌 纳指跌超3% 道指十连跌、创50年来最长连跌纪录,【全球市场】1、道指跌超千点，连跌十日，为1974年以来最长连跌纪录，纳指跌3.56%，标普跌2.95%。2、大型科技股全线下跌，特斯拉跌超8%，亚马逊跌逾4%，谷歌、Meta、微软跌超3%。3、纳斯达克中国金龙指数跌2.41%，蔚来、携程跌超4%。,"　　美股市场：美股三大指数均大幅收跌，道指连续十日下跌、为1974年10月以来最长连跌。截至当天收盘，道琼斯工业平均指数比前一交易日下跌1123.03点，收于42326.87点，跌幅为2.58%；标准普尔500种股票指数下跌178.45点，收于5872.16点，跌幅为2.95%；纳斯达克综合指数下跌716.37点，收于19392.69点，跌幅为3.56%。

　　美联储2024年年度利率决议收官，该行决定将基准利率下调25个基点至4.25%-4.50%区间，为连续第三次降息。今年八次决议中，美联储累计降息100个基点，分别为一次50个基点的降息、两次25个基点的降息，另外五次维持利率不变。随后，美联储主席鲍威尔在新闻发布会上的讲话也释放了诸多政策信号。他表示，政策立场的限制性明显减弱，在考虑更多利率调整时可以更加谨慎，美联储并未对利率采取任何预设的路线。受一系列“鹰派”信号影响，交易员下调了对未来降息幅度的预期，美股三大指数全线跳水。

　　大型科技股全线下跌，特斯拉跌超8%，亚马逊跌逾4%，谷歌、Meta、微软、奈飞跌超3%，苹果跌超2%，英伟达跌超1%。贵金属、芯片、半导体、银行板块跌幅居前，博通、科尔黛伦矿业、泛美白银、赫克拉矿业跌超6%，英特尔、摩根士丹利、世纪铝业跌超5%，超微电脑、ARM、瑞银集团、高盛、花旗、哈莫尼黄金跌超4%，高通、美国银行、摩根大通跌超3%。量子计算机概念股Quantum Corporation涨超150%，Quantum Computing涨约53%。

　　财报方面，美光科技盘后一度跌超17%，公司第一财季业绩大体上符合市场预期，但第二财季指引逊于预期。

　　热门中概股多数收跌，纳斯达克中国金龙指数跌2.41%。蔚来、微博、携程跌超4%，哔哩哔哩、爱奇艺跌超3%，阿里巴巴、小鹏汽车、网易、京东、百度跌超2%；理想汽车涨超1%。

　　欧股市场：欧洲三大股指当天涨跌不一。英国伦敦股市《金融时报》100种股票平均价格指数18日报收于8199.11点，较前一交易日上涨3.91点，涨幅为0.05%。法国巴黎股市CAC40指数报收于7384.62点，较前一交易日上涨18.92点，涨幅为0.26%；德国法兰克福股市DAX指数报收于20242.57点，较前一交易日下跌3.80点，跌幅为0.02%。

　　商品市场：国际油价上涨。纽约商品交易所2025年1月交货的轻质原油期货价格上涨50美分，收于每桶70.58美元，涨幅为0.71%；2025年2月交货的伦敦布伦特原油期货价格上涨20美分，收于每桶73.39美元，涨幅为0.27%。国际金价收跌，COMEX黄金期货下跌8.7美元/盎司，跌幅0.33%，报2653.30美元/盎司。

　　在东方财富看资讯行情，选东方财富证券一站式开户交易>>

　　以下为全球市场重要资讯汇总：

　　全球要闻

　　鲍威尔：放缓降息时刻或来临 已开始评估特朗普政策无意持有比特币

　　美东时间周三（12月18日），美联储主席鲍威尔在利率会议后的新闻发布会上表示，美联储正处于或接近放缓降息的时刻，明年将根据数据做出降息决定，似乎不太可能加息。

　　美联储如期降息25个基点 预计2025年仅降息两次

　　北京时间周四(12月19日)凌晨，美联储宣布降息25个基点，将联邦基金利率目标区间从4.5%至4.75%调低至4.25%至4.5%，符合市场普遍预期。

　　拜登卸任前首次表态：应禁止国会议员进行股票交易

　　美国总统拜登在一次采访中表示，应该禁止国会议员交易股票。

　　美国企业“画饼”：将建造世界上第一座电网规模的核聚变发电厂

　　美国核聚变能源初创企业Commonwealth Fusion Systems(CFS)周二宣布，该公司计划在弗吉尼亚州建造世界上第一座电网规模的核聚变发电厂，预计2030年代初投入运营。

　　拜登政府给特朗普关键议程设下障碍：批准加州燃油车强制禁令

　　差不多再过1个月，美国政府就将迎来换届的时间点。在这个节骨眼上，即将卸任的拜登政府，围绕着新能源汽车政策的存废，又给明年美国政治斗争的叙事埋下了一条明线。

　　俄罗斯黑海沿岸发生重大漏油事件 近50公里海岸线受到污染

　　在上周末，两艘油轮因风暴在黑海发生事故，导致大量石油泄漏，这可能对俄罗斯南部克拉斯诺达尔地区的沿岸生态造成灾难性影响。

　　价值20亿美元！翰森制药授予默沙东口服减肥药全球独家许可权

　　当地时间周三，默沙东宣布与中国翰森制药签署了一项价值高达20亿美元的协议，将开发和销售这家中国生物技术公司的实验性口服减肥药，这种药物的作用类似于目前流行的减肥药Wegovy和Zepbound。根据协议，翰森制药授予默沙东开发、生产和商业化HS-10535(一种在研临床前口服小分子GLP-1受体激动剂)的全球独家许可权。

　　全新妙想投研助理，立即体验"
东方财富,全球导读,华尔街一夜全崩！美联储投下了怎样的市场“毒药”？,【华尔街一夜全崩！美联储投下了怎样的市场“毒药”？】随着道指重挫1100点，创下半个世纪(自从1974年)以来的首个“十连阴”。除了美元，人们昨日目光所及的一切――美股、美债、黄金、比特币都在暴跌。市场遭遇的这些“无差别”抛售，反映了投资者对美联储昨夜决议结果的极度恐惧。,"　　炒股第一步，先开个股票账户

　　尽管华尔街早已预料到本周美联储将迎来一场“鹰派降息”，但或许没有多少人能想到：美联储的态度会如此之鹰，而美国市场遭遇的冲击又如此之猛烈……

　　随着道指重挫1100点，创下半个世纪(自从1974年)以来的首个“十连阴”。除了美元，人们昨日目光所及的一切――美股、美债、黄金、比特币都在暴跌。市场遭遇的这些“无差别”抛售，反映了投资者对美联储昨夜决议结果的极度恐惧。

　　事实上，美股“恐慌指数”VIX在昨夜一天内就暴涨了74%，创下了四个月来的最高位28.32，单日的涨幅比8月黑色星期一时还要大！

　　而从股指的跌幅看，美股市场确实在昨日遭遇了8月“黑色星期一”以来最惨的一天。道指和标普500指数均创下了自8月5日以来的最大单日百分比跌幅。道指连续第10个交易日下跌，这是自1974年10月连续11个交易日下跌以来的最长连跌纪录。标普500指数则经历了2001年以来跌幅最大的美联储议息日行情。

　　截至收盘，道琼斯工业指数下跌1,123.03点，跌幅2.58%，报42,326.87点；标普500指数下跌178.45点，跌幅2.95%，报5,872.16点；纳斯达克综合指数下跌716.37点，跌幅3.56%，报19,392.69点。

　　标普500指数已经连续13天出现下跌的成分股数量多于了上涨的成分股数量，继续延续着近100年历史上第二长的纪录。

　　在债市方面，周三除了美债收益率本身的大涨外，一个有意思的现象是，长债收益率――30年期美债收益率和10年期美债收益率，目前均已超过了美联储联邦基金利率目标的上限4.5%。而2年期和5年期美债收益率也在升向这一关口，这对于尚处于降息周期里的市场而言，其实是一个颇为玩味的信号――债市似乎已并不相信美联储还能再降多少息……

　　可以佐证这一点的是，利率市场对美联储2025年底的利率预期已接近了4%。

　　周三市场最大或者说唯一的赢家，似乎只有美元。彭博美元指数已将特朗普胜选以来的涨幅扩大至了4%。

　　同时彭博美元指数目前所处的价位，其实已经达到了2020年新冠疫情后那轮升势的最高位，在过去四年间仅有2022年美联储加息最猛烈的那段时间比眼下更高。

　　在美元大涨的背景下，黄金价格隔夜则一路失守了2600美元关口：

　　比特币更是上演高台跳水，俯冲向了10万美元大关。

　　那么，在回顾完了昨夜全市场跨资产的行情之后，问题自然而然也就来了：昨日美国投资者缘何会如此惊恐地上演“无差别”抛售？美联储又究竟做了什么呢？

　　事实上，在我们昨日的前瞻中就曾提到，周三这场议息会议可能会是美联储降息周期第一阶段的结束。而最终，在不少我们提及的“鹰派降息”的点上，美联储做得比市场的预期还要鹰。总结下来，可以简单归纳为以下六点：

　　①点阵图预计明年只降息两次

　　在本次会议如预期宣布降息25个基点至4.25%-4.5%后，美联储公布的利率“点阵图”显示，预计到2025年将仅再降息两次。这与9月点阵图预测相比，计划中的降息次数出现了减半――当时预计明年将降息四次。美联储官员还预计2026年将再降息两次，2027年再降一次。

　　相比9月的上次利率展望预测，联储官员本次上调了今年过后所有时间段的利率预期，明年的利率预期中位值上升至了3.9%，2026年的预期中位值从升至3.4%，均上调50个基点，2027年的中位值预测则上调20个基点至3.1%。

　　我们在昨日的前瞻中，通过对华尔街投行预测的梳理中曾提到过，美联储本周的点阵图若将明年降息次数预估缩减至三次，其实大致符合预期。而若进一步缩水至两次，则是一个更为鹰派的结果。很显然，美联储昨日的点阵图变动鹰派程度超出了市场预期。

　　而由于美联储本身变鹰，利率市场的最新预期随即也在隔夜过后变得更鹰。利率期货市场对2025年降息幅度的预期仅为32个基点(更偏向于仅降息一次)，低于美联储声明刚发布前预期的49个基点。

　　道明证券驻纽约美国利率策略主管Gennadiy Goldberg表示，美联储下调未来两年的利率预期是一个信号，表明市场将继续预计降息次数甚至会少于两次，如果数据足够强劲，还可能朝着不降息的方向发展。

　　②声明措辞释放改变降息节奏信号

　　相比于美联储上月的货币政策声明，本月声明出现的一大变动是，在提到考虑未来利率调整时，美联储新增了“程度”和“时机”的说法。而这寥寥几个单词的变动，其实一定程度上已经释放了改变降息节奏的信号。

　　美联储声明最新表示，“在考虑对联邦基金利率目标范围新调整的程度和时机时，（FOMC）委员会将仔细评估未来的数据、不断变化的前景和风险平衡。”

　　“新美联储通讯社”Nick Timiraos表示，通过增加“程度和时机”修改有关潜在利率调整的说辞，美联储暗示，降息步伐将放缓。

　　③明面上“一张”降息反对票、暗地里“四张”？

　　FOMC声明显示，在12名票委中，此次再度出现了一张对降息决定的反对票――克利夫兰联储主席哈马克支持不降息。

　　颇为巧合的是，哈马克其实是除了鲍威尔之外，我们昨日前瞻文章中唯一提到过的一位美联储官员。我们曾介绍过，哈马克本月早些时候就表示，美联储已经到达或接近应该放慢降息步伐的节点。她还赞赏地提到了上世纪90年代的两次降息，当时美联储迅速降息，累计降息幅度为0.75个百分点，然后转为观望。

　　哈马克是今年才接替梅斯特出任克利夫兰联储主席的。而很显然，在她上任后出席的第二场美联储议息会议上，哈马克就投出了反对票，足以表明她依然秉持着克利夫兰联储长期以来在美联储内部的鹰派基调。

　　而与此同时，我们需要提醒投资者的是，你以为昨日只有一张降息反对票，但其实真正反对12月降息的可能有至少多达4位美联储官员。看看点阵图就知道，虽然许多人已不再关注2024年的部分，但图中仍有多达四个点支持在今年底将利率维持在4.5%-4.75%。

　　换言之，至少还有三位今年没有投票权的美联储官员反对12月降息。他们中的至少一两位，可能会在明年轮替获得投票权。

　　④长期中性利率预估已升至3%

　　在点阵图里，潜藏的鹰派“密码”还不只有以上这些。点阵图显示，美联储对长期中性利率的预估已升至了3.0%，9月预期为2.9%。

　　鲍威尔在会后的新闻发布会上曾提到这一话题。鲍威尔表示，我们在经济预测摘要中写的是长期中性利率。这是指当供需平衡、整个经济处于平衡状态且没有外部冲击影响时的中性利率。而目前的情况并非如此。

　　鲍威尔指出，“我们并不知道确切的中性利率在哪里。但正如我喜欢说的，我们通过其作用来判断。我们可以明确的是，目前我们已经更接近这个中性点――大约比之前接近了100个基点。关于中性利率的具体数值有很多估算，我们知道自己离目标更近了。”

　　鲍威尔称，“我认为我们目前处于一个不错的位置，但从现在开始，这进入了一个新阶段，我们在进一步降息时会更加谨慎。”

　　⑤美联储心知肚明通胀目标成泡影？

　　美联储公布的最新经济预测摘要还显示，美联储上调了今明两年的GDP增速预期，下调今明两年的失业率预期，同时上调2024-2026年的通胀预期。

　　其中，通胀预估的变动可能是格外值得重视的。美联储最新预计，2025年总体和核心PCE物价指标均将落在2.5%，较9月的预估大幅上调。同时，到了2026年这两组预测已依然无法回到2%的通胀目标内。

　　Brandywine Global投资组合经理Jack Mcintyre对此表示：“更强劲的增长预期和更高的通胀预期――难怪美联储减少了对2025年降息次数的预测。这次会议的结果提出了一个问题：如果市场没有预期今天会降息，联储是否真的会降息？我怀疑不会。”

　　Mcintyre指出，“美联储进入了货币政策的新阶段――暂停阶段。这一阶段持续的时间越长，市场就越有可能认为加息和降息的几率接近。政策的不确定性将使2025年的金融市场更加动荡。”

　　⑥鲍威尔暗示开始为特朗普任期做准备

　　美国当选总统特朗普已扬言要在上台后实施激进的关税计划，经济学家普遍认为这可能导致美国通胀再次上升。

　　鲍威尔透露，部分联邦公开市场委员会（FOMC）成员已开始对特朗普政策可能带来的影响进行初步评估。

　　他还特地提到了特朗普的关税计划，表示目前对其如何影响通胀下结论还为时尚早。

　　全新妙想投研助理，立即体验"
东方财富,全球导读,AI大牛股赛富时出手 “疯狂”招人 分析师看好AI Agent,云软件巨头赛富时刷屏！据最新消息，因AI需求旺盛，云软件巨头赛富时（Salesforce）计划招聘2000人，来向客户销售人工智能软件。而在一个月前，公司的计划还只是招聘1000人。也就是说，1个月的时间，赛富时计划招聘的人数就增长了100%。赛富时是最早部署AI功能的CRM（客户关系管理）软件厂商之一，其AI功能商业化成果正在显现。,"　　在东方财富看资讯行情，选东方财富证券一站式开户交易>>

　　云软件巨头赛富时刷屏！

　　据最新消息，因AI需求旺盛，云软件巨头赛富时（Salesforce）计划招聘2000人，来向客户销售人工智能软件。而在一个月前，公司的计划还只是招聘1000人。也就是说，1个月的时间，赛富时计划招聘的人数就增长了100%。

　　赛富时是最早部署AI功能的CRM（客户关系管理）软件厂商之一，其AI功能商业化成果正在显现。最新披露的财报显示，AI应用软件已给该公司带来了营收增量，公司2025财年第三财季（截至10月31日）业绩超出分析师预期。

　　今年10月份，赛富时推出了生成式人工智能产品Agentforce，该工具可在没有人工监督的情况下完成客户支持等任务，该公司一直在大举招聘以销售该工具。赛富时CEO马克・贝尼奥夫表示，AI Agent（AI自主代理）也就是AI智能体，正在重塑全球劳动市场及各行业运作方式，驱动一场突破性的变革。美银也认为，AI代理技术的发展将推动新一波创新浪潮，加速AI驱动应用的开发和部署。

　　在资本市场上，赛富时也是一只AI大牛股，该公司的股价去年涨幅接近100%，今年以来涨幅接近30%。隔夜美股，三大指数全线闪崩，赛富时大跌超3%。

　　赛富时出手，“疯狂”招人

　　当地时间周二，云软件巨头赛富时的首席执行官马克・贝尼奥夫表示，公司将招聘2000名员工来销售AI代理软件，这是该公司一个月前计划招聘人数的两倍。

　　在旧金山的一次公司活动上，贝尼奥夫说道：“我们正在努力增加几千名销售人员来帮助销售这些产品，我们开设的2000个职位已经收到了9000个申请，申请的人数是招聘数量的近五倍，这太令人惊讶了。”上个月，贝尼奥夫在一次采访中表示，该公司计划招聘1000名专注于人工智能软件的销售人员。

　　贝尼奥夫还表示，公司第二代Agentforce技术将于2025年2月开始向客户提供，这项技术用于创建和操作AI代理，能够在赛富时的Slack通信应用中处理复杂的问题。

　　目前，赛富时的主页已经展示了一款实验性的AI代理，能够回答用户关于公司产品的查询，需要帮助的客户可以直接访问一个基于聊天的帮助页面，该页面每周要进行约32000次对话，其中，约5000次对话需要升级到人工客服，而此前这一数字是10000次。

　　另一边，微软也一直在销售一系列Copilot品牌的人工智能工具。但贝尼奥夫表示，如果你查看微软的网站，看看它是如何自动化客户支持的，“你找不到它”。

　　对此，微软AI的首席营销官Jared Spataro在一份声明中回应道：“贝尼奥夫说这话很有意思，微软拥有全球最大的客户支持团队之一。在客户服务中，Copilot帮助客户解决问题的速度提高了11.5%。我们的销售团队也看到了实际影响，平均每个销售人员的收入提高了9.4%，并且节省了时间来专注于战略性的、价值驱动的工作。”

　　AI新产品推动业绩超预期

　　近日，赛富时披露的财报显示，2025财年第三财季（截至2024年10月31日），公司的销售额同比增长8.3%至94.4亿美元，高于华尔街分析师平均预期的约93.5亿美元；调整后运营利润率33.1%，高于上年同期的31.2%，也高于市场预期的32.2%。

　　展望未来，赛富时预期其增长势头将持续，预计第四财季营收为99亿美元―101亿美元，而分析师预期为100亿美元；对于整个2025财年，公司预测收入将在378亿到380亿美元之间，同比增长8%―9%，每股收益预估则在9.98至10.03美元之间。

　　公司新产品AgentForce推动公司业绩增长。从结果上看，第三财季，AI推动百万美元以上订单签订量同比增长2倍多，共签署2000多份AI订单，其中200多单为AgentForce。华安证券分析师金荣指出，赛富时作为最早部署AI功能的CRM厂商之一，AI功能商业化成果逐渐开始凸显，其中AgentForce作为公司9月份推出的开创性的自主AI 代理套件，赋能服务、销售、营销和商务等场景，未来AgentForce的潜在交易客户约有数千个，有望持续打开商业化空间。

　　天风证券认为，Agentforce有望成为赛富时新的增长点。Agentforce的加入进一步完善了赛富时的产品体系，形成了以Salesforce Platform为底座，DataCloud、Customer360和Agentforce提供具体产品服务的一体化平台体系。Agentforce能力强于此前CRM自身AIEinstein方案。目前来看，OpenAI大模型等产品有望在后续进一步提高Agentforce的能力。

　　另有分析师表示，赛富时宣布其Agentforce系列产品在2024年10月后逐步可用后，意味着公司正式从AI助手转向AI自主代理，这对市场来说非常重要，进一步让投资者了解到了公司的AI战略，并缓解了对其未来AI商业化方面的担忧。作为软件行业技术支出的“晴雨表”，赛富时超预期的营收可以成为市场判断AI行业后续资本支出的信号，有望继续点燃火爆的软件股行情。

　　中金公司日前表示，考虑到赛富时AI Agent的发展有可能形成新发竞争优势，上调该公司目标价42%至370美元，维持“跑赢行业”的评级。第一上海也发布评级报告称，维持赛富时“买入”评级，最高目标价为450美元，较此前最高目标价上调61.87%。

　　分析师看好AI Agent

　　Agent已成为AI应用端的最大亮点，海外AI应用厂商及科技大厂正加速布局AI Agent。

　　山西证券分析师方闻千指出，在决策智能领域，Palantir于2023年4月推出AIP平台，提升辅助决策的自动化水平，并通过AIP Bootcamp训练营进行推广，目前已在库存管理、医院运营、自动化产品分类等场景中落地；在企业服务领域，赛富时于10月24日正式推出AI Agent创建平台Agentforce，并提供预构建的Agent，包括面向客服场景的Service Agent、面向销售场景的SDR Agen和Sales Coach等，赛富时在正式推出后一周内便达成200多笔交易。

　　同样在企业服务领域，ServiceNow于11月发布AI Agent，采用Multi-Agent架构，主要面向ITSM、客户服务等场景。此外，微软为代表的海外科技巨头在应用端的布局重心也开始向AI Agent倾斜，10月21日微软连发10个AI Agent，面向销售、运营等场景，并将在今年提供公共预览版且集成到Dynamics 365中，11月19日微软又宣布Copilot Studio平台已支持用户构建自主Agent，同时发布5款预构建的Agent。随着海外厂商持续发力，AI Agen已经在各行业陆续落地。

　　山西证券表示，今年以来AI Agent逐渐成为全球主要大模型及AI应用厂商的布局重点，随着底层模型的复杂推理能力快速提升，预计明年有望成为AI Agent爆发元年，重点关注AI应用相关标的。

　　近日，中信建投分析师杨艾莉也指出，AI Agent有望在B端和C端加速落地。

　　C端：Agent有望成为AI时代的操作系统。Agent具备强自主性、复杂工具调用能力和视觉能力，可以类似人类那样规划并操作手机、电脑等设备。随着Agent能力提升，有望置于计算系统的核心位置，连接并控制外围设备、传统软件、存储系统和网络资源，成为介于用户与一系列应用软件之间的操作系统。但不同于传统操作系统需要精确的指令序列，Agent可以理解模糊的用户意图并将其转换为具体操作。

　　B端：从AI助手向Agent过渡。当前大量营销、办公等B端软件已集成AI助手，完成文字摘要、数据分析等单步骤功能。未来有望陆续升级成Agent，接收指令、制订计划并使用工具完成任务。据Gartner预计，2028年33%的企业软件将集成Agent，使15%的日常工作决策由Agent自主做出，2024年该比例不足1%。

　　浙商证券表示，国产AI Agent生态加速繁荣，厂商自研产品应用推广有望打开市场空间。随着国产AI大模型多模态、复杂推理等维度能力的持续迭代，国内大模型厂商、互联网厂商以及数字化企业服务商等不同背景的公司均在积极布局AI Agent应用矩阵，近期科大讯飞、彩讯股份、鼎捷数智、泛微网络等厂商相继发布AI Agent产品应用，未来有望在办公、财税、客服、智能营销等场景加速落地并打开空间。

　　想炒股，先开户！选东方财富证券，行情交易一个APP搞定>>"
东方财富,全球导读,特朗普关税计划不得民心！过半美国人反对向墨加中的商品加税,美国候任总统特朗普的标志性政策就是加征关税。虽然还未上任，但他已经威胁将对墨西哥、加拿大及中国的商品征收高额关税，但这一计划并没有受到美国民众的欢迎。美国昆尼皮亚克大学的一项最新民调显示，51%的美国选民反对特朗普对墨西哥、加拿大和中国的进口商品征收关税。其中，大多数民主党人和独立人士都对关税表现出了明显的怀疑情绪，而共和党人则倾向于支持关税政策。,"　　全新妙想投研助理，立即体验

　　美国候任总统特朗普的标志性政策就是加征关税。虽然还未上任，但他已经威胁将对墨西哥、加拿大及中国的商品征收高额关税，但这一计划并没有受到美国民众的欢迎。

　　美国昆尼皮亚克大学的一项最新民调显示，51%的美国选民反对特朗普对墨西哥、加拿大和中国的进口商品征收关税。其中，大多数民主党人和独立人士都对关税表现出了明显的怀疑情绪，而共和党人则倾向于支持关税政策。

　　该民调分析师Tim Malloy表示，征收关税旨在平衡美国的进出口贸易，但选民们看起来十分担忧这一政策最终会损害美国自身的利益。

　　另一份由爱默生学院组织的民调也显示出相同的结果，认为对墨、加、中三国加征关税将造成负面影响的选民数量明显高于认为将带来积极影响的选民数量，且民主党人和共和党人同样在这一问题上分歧严重。

　　没有赢家

　　信用评级机构标准普尔表示，关税可能将推高美国的通胀率并降低美国的经济产出，若特朗普对全球产品加征10%的关税，并对中国商品加征60%的关税，那么美国的通胀率将上升1.8%，同时经济产出下降1%。

　　其还补充道，短期内，美国将因关税出现通货膨胀，企业不得不将更高的投入成本转嫁到消费者身上；中期来看，美国国内生产总值将受到拖累。总体来看，美国家庭将面临收入损失，同时美国出口也将因贸易报复遭遇损失。

　　部分美国民众也因为这些担忧而开始提前囤积货物。小企业主Herschel Wilson指出，在特朗普赢得大选后，他几乎囤积了所有必需品。他还强调，如果真的出现关税，那么他将不得不把关税转嫁给自己的客户，也就意味着将收取更高的价格。

　　史丹利百得公司首席财务官Patrick Hallinan也做出了相同的选择，在上月表示公司正在投资增加库存，关键原因就是关税。他声称在特朗普第一任期时，公司在定价方面并不积极，而在未来四年其会充分吸取教训，采取更加主动的定价策略，也就是涨价。

　　另据港口数据显示，主要负责亚洲货物运输的洛杉矶港和长滩双子港上月都经历了吞吐量的大幅上涨。其中，洛杉矶港处理的货物同比增长了16%，长滩港则增长了20.9%。

　　长滩港首席执行官Mario Cordero不喜反忧，对此发出警告，关税上调会导致港口货运量下降，并减少所需的劳动力数量。贸易战中，没有所谓的赢家。

　　想炒股，先开户！选东方财富证券，行情交易一个APP搞定>>"
东方财富,全球导读,日本央行维持政策利率不变！比特币一度跌破10万美元,12月19日早盘亚太股市普跌，日经225指数盘中跌超1%，韩国综合指数跌逾1.6%。日本央行维持政策利率在0.25%不变美联储宣布降息25个基点，隔夜美股大跌，12月19日早盘亚太股市普跌，日经225指数早盘收跌0.96%，截至发稿，韩国综合指数跌1.62%。最新消息，日本央行宣布维持政策利率在0.25%不变。日本央行表示，民间消费有温和增长的趋势。,"　　在东方财富看资讯行情，选东方财富证券一站式开户交易>>

　　12月19日早盘亚太股市普跌，日经225指数盘中跌超1%，韩国综合指数跌逾1.6%。

　　日本央行维持政策利率在0.25%不变

　　美联储宣布降息25个基点，隔夜美股大跌，12月19日早盘亚太股市普跌，日经225指数早盘收跌0.96%，截至发稿，韩国综合指数跌1.62%。

　　最新消息，日本央行宣布维持政策利率在0.25%不变。

　　日本央行表示，民间消费有温和增长的趋势。日本经济温和复苏，但仍存在一些弱点。日本经济与物价前景的不确定性仍高。必须密切注意汇率、市场走势及其对日本经济和物价的影响。由于企业薪资和定价行为的变化，汇率波动对通胀的影响可能比过去更大。

　　日本央行表示，审议委员田村直树提议上调利率至0.5%。

　　据媒体报道称，日本央行公布对过去货币宽松措施的全面检讨结果称，日本央行从持续稳定实现2%物价目标的角度继续实施货币政策是适当的。在考虑货币政策的未来做法时，目前央行不应排除任何具体措施。在考虑货币政策的未来做法时，目前央行不应排除任何具体措施。自2016年以来长期利率已下调约1个百分点。大规模货币宽松对GDP的影响为促进GDP增长1.3%―1.8%。

　　美联储不被允许拥有比特币

　　比特币大跌，一度跌破10万美元。最近24小时，全球共有超29万人爆仓。

　　有分析称，特朗普建立比特币储备的计划，可能面临美联储方面的阻力。美联储主席鲍威尔在货币政策会议后的新闻发布会上表示，美联储无意参与政府囤积大量比特币的任何计划。

　　12月18日，美联储主席鲍威尔表示，美联储无意将比特币纳入其资产负债表，强调根据《联邦储备法》，他们无法持有比特币，并且不打算寻求修改相关法律。他提到，这一问题应由国会来考虑，而美联储不会主动寻求改变现有规定。

　　鲍威尔的言论削弱了比特币的价值，自特朗普在11月5日的大选中获胜以来，比特币与其他加密资产一起大幅上涨，今年价格翻倍至10万美元以上。

　　媒体报道称，特朗普此前提出建立美国""战略比特币储备""的构想，但尚未提供具体细节。特朗普表示，初始储备可能包括从犯罪分子没收的约20万枚比特币，按当前价格计算价值约210亿美元。

　　共和党参议员Cynthia Lummis提出一项法案，建议由美国财政部每年购买20万枚比特币，直到储备达到100万枚。该计划将由美联储银行存款和黄金持有量提供资金支持。

　　全新妙想投研助理，立即体验"
东方财富,全球导读,美联储又降息25个基点 影响几何？2025年降息如何演绎？一图看懂,美联储又降息25个基点，影响几何？2025年降息如何演绎？一图看懂。,"　　在东方财富看资讯行情，选东方财富证券一站式开户交易>>

　　北京时间12月19日凌晨，美联储公布最新利率决议，将基准利率下调25个基点，目标区间在4.25%―4.5%之间，这是美联储继9月和11月之后，连续第三次会议宣布降息，今年全年累计降息幅度达到100个基点。

　　美联储最新发布的点阵图暗示2025年或降息两次。美联储主席鲍威尔表示，FOMC声明中增加关于调整利率“幅度和时机”的措辞表明，美联储正处于或接近放缓降息的时刻。

　　本次降息影响几何？2025年美联储降息有多少空间？机构如何预测？21数据新闻实验室带你一图看懂→"
东方财富,全球导读,美国最高法院将就TikTok禁令再次进行讨论,【美国最高法院将就TikTok禁令再次进行讨论】当地时间12月18日，美国最高法院宣布将就禁止TikTok在美国运营的法案再次进行讨论。据报道，美国最高法院将于1月10日就此案进行辩论，允许法院在法律1月19日生效前对该问题作出裁决。,"　　炒股第一步，先开个股票账户

　　当地时间12月18日，美国最高法院宣布将就禁止TikTok在美国运营的法案再次进行讨论。据报道，美国最高法院将于1月10日就此案进行辩论，允许法院在法律1月19日生效前对该问题作出裁决。

　　该法案要求TikTok母公司字节跳动剥离TikTok，否则将禁止TikTok在美运营。字节跳动明确表示，不会出售TikTok业务。

　　美政府无端出台“不卖就禁”法案

　　今年4月，美国拜登政府发起对TikTok的新一轮围猎打压，无端出台“不卖就禁”法案。法案要求TikTok母公司字节跳动在270天内，将TikTok出售给非中国企业，否则这款应用程序将在美国被禁用。5月7日，TikTok提起诉讼，要求美国法院阻止这项法案，但哥伦比亚特区联邦巡回上诉法院12月6日驳回了上诉。

　　TikTok要求美最高法院冻结强迫出售令

　　当地时间12月16日，TikTok要求美国联邦最高法院临时冻结美政府针对该平台的强迫出售令。TikTok的律师表示，这项法令不仅侵犯其宪法权利，也侵犯了1.7亿美国用户的权利。TikTok在其社交媒体账号上发布声明说，如果不冻结强迫出售令，一个月内，TikTok上的小商家将损失超过10亿美元收入，创作者将损失近3亿美元。

　　相关报道

　　TikTok能否在美国实现“极限自救”？"
东方财富,全球导读,道指狂泻超1100点！比特币暴跌！加密货币全网共超25万人被爆仓,突然暴跌。当地时间12月18日，美股三大股指全线收跌，截至收盘，道指跌2.58%，纳指跌3.56%，标普500指数跌2.95%。美国联邦储备委员会（美联储）宣布将联邦基金利率目标区间下调25个基点，至4.25%―4.50%之间。美联储主席鲍威尔在新闻发布会上表示，美联储正接近放缓降息的时刻，并将在未来根据经济数据做出进一步决策。,"　　突然暴跌。

　　当地时间12月18日，美股三大股指全线收跌，截至收盘，道指跌2.58%，纳指跌3.56%，标普500指数跌2.95%。

　　美国联邦储备委员会（美联储）宣布将联邦基金利率目标区间下调25个基点，至4.25%―4.50%之间。美联储主席鲍威尔在新闻发布会上表示，美联储正接近放缓降息的时刻，并将在未来根据经济数据做出进一步决策。鲍威尔还表示，美联储不被允许拥有比特币，美联储未寻求修改有关可以持有比特币的法律。

　　比特币日内跌超5%，Coinglass数据显示，过去24小时，加密货币全网共超25万人被爆仓，爆仓总金额为6.97亿美元。

　　鲍威尔：正接近放缓降息时刻

　　当地时间12月18日，美股三大股指全线收跌。截至收盘，道指跌1123.03点，跌幅为2.58%，报42326.87点；纳指跌716.37点，跌幅为3.56%，报19392.69点；标普500指数跌178.45点；跌幅为2.95%，报5872.16点。

　　当天，标普500指数跌破6000点，创4个月来最大单日跌幅；纳指创近5个月最大单日跌幅；道指日内跌超千点，连续第10天下跌，为1974年10月以来最长连跌。恐慌指数VIX日内涨幅一度达78%，在美股收盘之后暂报28.32。大型科技股全线下跌，特斯拉跌超8%，英特尔跌超5%。美光科技预计第二季度经调整营收77亿美元至81亿美元，分析师预期89.9亿美元，美股盘后一度跌超18%。

　　全新妙想投研助理，立即体验

　　消息面上，美联储宣布将联邦基金利率目标区间下调25个基点，至4.25%―4.50%之间。此次降息标志着美联储在货币政策方面的新阶段，主席鲍威尔在新闻发布会上表示，美联储正接近放缓降息的时刻，并将在未来根据经济数据做出进一步决策。


　　美联储FOMC声明指出，2025年预计将降息50个基点至3.9%，2026年将再降息50个基点至3.4%。美联储的点阵图显示，2025年可能会进行两次降息，每次降息25个基点。鲍威尔表示，美联储的政策立场已经显著放松，并且在进一步考虑利率调整时将更加谨慎。

（美联储点阵图）

　　鲍威尔进一步指出，当前的高利率预期与通胀预期相一致，且明年加息的可能性“似乎不太可能”。他强调，美联储正在进入一个新的利率调整阶段，而未来的降息决策将基于经济数据的变化。

　　在通胀方面，美联储提高了对2025年PCE通胀的中位数预测，预计将上升至2.5%，高于9月时的2.1%。同时，美联储对未来几年的通胀预期进行了调整，预计2024至2026年底的核心PCE通胀中值将分别为2.8%、2.5%和2.2%。鲍威尔表示，通胀目标的实现依然面临一定挑战，但美联储认为通胀接近2%的目标。他还指出，劳动力市场不需要进一步冷却来实现这一目标。尽管通胀存在较高风险和不确定性，但是鲍威尔认为，美联储必须继续维持限制性政策，直到通胀回落至2%的目标。

　　美联储的经济预期显示，2024年至2026年底美国GDP增速中值分别为2.5%、2.1%和2.0%。鲍威尔表示，美国经济表现强劲，2024年下半年的经济增长快于预期，并且没有迹象表明经济衰退的风险增加。他还表示，当前的劳动力市场状况比2019年时更为宽松。对于未来的经济前景，鲍威尔表示存在较大的不确定性，但整体对经济保持乐观态度。美联储预计，未来三年内美国经济将继续增长，并且失业率在2024至2026年间的预期中值分别为4.2%、4.3%和4.3%。

　　美联储还宣布，将隔夜逆回购利率从4.55%下调至4.25%，贴现利率从4.75%下调至4.50%。此外，FOMC声明还显示，美联储将维持国债减持限额为250亿美元，MBS为350亿美元。鲍威尔强调，这些调整不会影响美联储的整体政策立场。

　　在其他方面，鲍威尔提到，房地产活动持续疲软，消费者支出仍然保持弹性。他还指出，美联储正在讨论关税对通胀的潜在影响，但尚未做出任何结论。地缘政治动荡仍然是美联储关注的风险因素。当被问及比特币储备时，鲍威尔表示，美联储不被允许拥有比特币，美联储未寻求修改有关可以持有比特币的法律。

　　展望未来，尽管美联储面临经济和通胀的不确定性，但是鲍威尔和其他美联储官员都表示，未来的货币政策将更加注重数据驱动，特别是对于降息的时机和幅度。总的来说，美联储的货币政策正逐步进入新的阶段，利率调整的步伐趋缓，未来几年的经济和通胀发展将成为政策调整的重要依据。美国利率期货定价美联储1月维持利率不变的概率超过90%，美联储利率决议公布前为81%。

　　“美联储传声筒” 尼克・蒂米劳斯表示，美联储政策声明中增加了“幅度和时间”这一措辞，暗示将放缓降息步伐，以修改潜在的调整。

　　高盛资产管理公司的惠特尼・沃森预计，美联储将在1月份放弃降息，然后在3月份恢复宽松政策。

　　其他市场方面，美元指数大幅上涨，衡量美元对六种主要货币的美元指数当天上涨1.00%，在汇市尾市收于108.024。截至纽约汇市尾市，1欧元兑换1.0376美元，低于前一交易日的1.0488美元；1英镑兑换1.2593美元，低于前一交易日的1.2711美元。

　　国际油价上涨，截至当天收盘，纽约商品交易所2025年1月交货的轻质原油期货价格上涨50美分，收于每桶70.58美元，涨幅为0.71%；2025年2月交货的伦敦布伦特原油期货价格上涨20美分，收于每桶73.39美元，涨幅为0.27%。

　　美国国债收益率在美联储宣布降息后集体上涨，黄金、白银短线加速下探。比特币日内跌幅扩大，一度失守101000美元，24小时内跌超5%。Coinglass数据显示，过去24小时，加密货币全网共超25万人被爆仓，爆仓总金额为6.97亿美元。

　　标普500十一大板块全数收跌

　　板块方面，标普500指数十一大板块全线收跌。其中，非必要消费板块领跌，跌幅为4.74%，房地产板块跌近4%，通信服务、金融板块跌超3%。

　　热门科技股普跌。特斯拉跌超8%，博通跌近7%，英特尔跌超5%，超微电脑、亚马逊、Arm、美光科技跌超4%，微软、Meta、谷歌A、奈飞、高通跌超3%，超威半导体、台积电、甲骨文、阿斯麦、苹果跌超2%，礼来、思科、德州仪器、英伟达跌超1%。

　　苹果跌2.14%。据彭博社援引知情人士报道，苹果宣布暂停开发iPhone硬件订阅服务计划，此举标志着苹果放弃了改变消费者购买iPhone方式的尝试。该计划原本计划通过每月订阅费用的方式，允许用户每年更换一次新iPhone，但由于软件漏洞和监管问题，该项目已被推迟并最终终止。知情人士透露，参与该项目的团队已被解散并重新分配到其他项目。

　　苹果此举是其支付服务战略调整的一部分。此前，苹果还关闭了“先买后付”服务，转而引导消费者使用第三方支付计划。苹果计划通过硬件订阅服务增加iPhone销量并推动更多的持续收入，同时加强用户对苹果产品生态系统的依赖。然而，该项目可能与苹果的无线运营商合作伙伴产生冲突，并可能取代现有的iPhone升级计划和Apple Card分期付款计划。目前，苹果没有计划单独重新启动该项目，但可能会寻求新的合作伙伴关系来推进该服务。

　　微软跌3.76%。由微软支持的OpenAI宣布推出一种全新的与ChatGPT互动方式：美国用户可以拨打1-800-CHATGPT（1-800-242-8478）免费与ChatGPT进行每月15分钟的对话。此外，其他国家的用户也可以通过WhatsApp与该聊天机器人进行交流。此举是OpenAI扩大AI普及的全球计划的一部分，同时也可能进一步提升其旗舰产品ChatGPT的用户覆盖，目前该产品每周活跃用户已达3亿人。此次发布是在OpenAI为期12天的产品直播活动中进行的，其间公司还推出了更高价的ChatGPT Pro订阅选项，并开始推出名为Sora的AI视频生成工具。

　　Arm跌4.37%，高通跌3.08%。当地时间周三，Arm与高通的律师在法庭上针对一项关键问题展开了激烈辩论：谁拥有基于Arm计算架构设计的知识产权。此次诉讼关系到高通进军笔记本电脑市场的计划，高通帮助微软等合作伙伴在iPhone制造商苹果推出自家定制芯片后重新争夺市场份额。

　　辩论的焦点是高通在2021年以14亿美元收购的Nuvia公司是否有权将其计算核心设计转移给高通。Nuvia创始人、前苹果工程师杰拉德・威廉姆斯表示，Nuvia的设计并非Arm技术的衍生品，而Arm律师则坚持认为Nuvia的设计涉及Arm技术的“修改”与“衍生”。

　　亚马逊跌4.60%。亚马逊周三声明，由于办公空间不足，部分员工的复工日期将被推迟长达四个月。受影响的城市包括奥斯汀、达拉斯、菲尼克斯等，尤其是达拉斯和曼哈顿的部分员工，预计要等到明年3月或4月才能返回办公室。亚马逊首席执行官安迪・贾西此前宣布，要求员工全面复工以重建公司文化，但这一决策引发了员工的不满，许多人表示更倾向于灵活的远程工作安排。此外，亚马逊还面临高品质办公空间短缺的问题，近期已从WeWork租用临时办公空间。

　　金融股全线收跌。地区金融、摩根士丹利跌超5%，美国合众银行、美国运通、瑞银集团、高盛、花旗集团跌超4%，第一资本金融、美国银行、摩根大通、旅行者保险跌超3%，富国银行、贝莱德、维萨、德意志银行、万事达、瑞穗金融跌超2%，美国国际集团跌超1%。

　　能源股普跌。美国能源、巴西石油跌超5%，斯伦贝谢跌超4%，雪佛龙、墨菲石油、帝国石油、康菲石油、壳牌跌超2%，杜克能源、英国石油跌近2%，埃克森美孚、西方石油跌超1%，阿帕奇石油跌1%。

　　热门中概股多数收跌，纳斯达克中国金龙指数跌2.41%。蔚来、微博跌超4%，哔哩哔哩、爱奇艺跌超3%，阿里巴巴、名创优品、网易、京东、百度跌超2%，唯品会、腾讯音乐小幅下跌，理想汽车涨超1%。

　　想炒股，先开户！选东方财富证券，行情交易一个APP搞定>>"
东方财富,全球导读,一图解读美联储12月决议：“三连降”如期而至 明年料仅降息两次！,一图解读美联储12月决议：“三连降”如期而至，明年料仅降息两次！,"　　在东方财富看资讯行情，选东方财富证券一站式开户交易>>

　　①美联储12月宣布降息25个基点，将联邦基金利率目标区间从4.5%-4.75%调低至4.25%-4.5%，符合市场普遍预期；②鲍威尔在会后新闻发布会上表示，美联储正处于或接近放缓降息的时刻，明年将根据数据做出降息决定。"
东方财富,全球导读,【环球财经】美联储下调明年降息预期 美元指数18日大幅上涨,由于美联储显著下调明年降息预期并上调对通胀的预期，18日美元兑一揽子货币全面走强，美元指数在隔夜市场窄幅盘整，当日上午小幅走高，午后快速上涨，尾盘时美元指数大幅走高。衡量美元对六种主要货币的美元指数当天上涨1.0%，在汇市尾市收于108.024。美联储公开市场委员会在18日下午宣布将联邦基金利率目标区间下调25个基点至4.25%-4.5%，符合市场此前预期。,"　　炒股第一步，先开个股票账户

　　由于美联储显著下调明年降息预期并上调对通胀的预期，18日美元兑一揽子货币全面走强，美元指数在隔夜市场窄幅盘整，当日上午小幅走高，午后快速上涨，尾盘时美元指数大幅走高。

　　衡量美元对六种主要货币的美元指数当天上涨1.0%，在汇市尾市收于108.024。

　　美联储公开市场委员会在18日下午宣布将联邦基金利率目标区间下调25个基点至4.25%-4.5%，符合市场此前预期。

　　但美联储公开市场委员会同时公布的经济预测数据显示，参会的美联储官员对2025年美联储联邦基金利率预测的中值为3.9%，比9月份议息会议时的预测中值高50个基点，对2026年联邦基金利率预测中值同样升高50个基点，达到3.4%。美联储对更长期联邦基金利率目标区间从9月份的2.5%-3.5%提高到2.8%-3.6%。

　　美联储官员对2025年个人消费支出价格指数同比涨幅的预测中值为2.5%，高于9月份的2.1%，对核心消费者价格指数同比涨幅的预测中值从9月份的2.2%升至2.5%，对2026年通胀预期也有所提高。同时，对2024年个人消费支出价格指数涨幅和核心个人消费支出价格指数涨幅分别上调0.1个百分点和0.2个百分点，至2.4%和2.8%。

　　美国默克硬通货基金投资组合经理阿克塞尔・默克（Axel Merk）表示，美联储上调了对核心通胀的预期并调整了对联邦基金利率的“点阵图”预测。因而，市场对美联储降息的定价减少，市场定价仅反映出明年还会降息一次，这比此前要少。

　　默克说，市场的第一反应是美联储释放鹰派信号，这对美元有利。

　　美国银行全球研究部策略师在17日表示，美元在2025年上半年预计仍将富有韧性，美元兑其他G10国家货币预计在明年下半年走弱。虽然宏观环境依然对美元带来支撑，但美国大选带来的美元上涨风险已经很好地反映在定价中，而美元的下行风险则被忽视。

　　截至纽约汇市尾市，1欧元兑换1.0376美元，低于前一交易日的1.0488美元；1英镑兑换1.2593美元，低于前一交易日的1.2711美元。

　　1美元兑换154.66日元，高于前一交易日的153.34日元；1美元兑换0.9003瑞士法郎，高于前一交易日的0.8924瑞士法郎；1美元兑换1.4417加元，高于前一交易日的1.4310加元；1美元兑换11.1102瑞典克朗，高于前一交易日的10.9670瑞典克朗。

　　想炒股，先开户！选东方财富证券，行情交易一个APP搞定>>"
东方财富,全球导读,美联储暗示放慢降息节奏、明年仅降息2次 美股三大股指大跌,北京时间12月19日凌晨，美联储宣布，将联邦基金利率的目标区间下调25个基点至4.25%-4.5%，符合市场预期。此前，美联储已于9月、11月议息会议两次降息，降息幅度合计75个基点。美联储在声明中表示，委员会力图在长期内达成最大就业和2%的通胀目标，并判断实现就业和通胀目标的风险大致是平衡的。,"　　在东方财富看资讯行情，选东方财富证券一站式开户交易>>

　　北京时间12月19日凌晨，美联储宣布，将联邦基金利率的目标区间下调25个基点至4.25%-4.5%，符合市场预期。此前，美联储已于9月、11月议息会议两次降息，降息幅度合计75个基点。

　　美联储在声明中表示，委员会力图在长期内达成最大就业和2%的通胀目标，并判断实现就业和通胀目标的风险大致是平衡的。

　　联邦公开市场委员会参与者对适当货币政策的评估：联邦基金利率目标区间或目标水平的中值

　　点阵图显示，美联储下调了未来降息次数，其中对2025年的降息次数由9月份预测的4次缩减为2次。具体来看，对2025年的联邦基金利率，利率中值预测由9月的3.4%上调至3.9%。对2026年的联邦基金利率，利率中值由9月的2.9%上调至3.4%。长期中性利率预期值由9月的2.9%上升至3%。此前9月，美联储在降息的同时同步下调了2025年、2026年的联邦基金利率水平。

　　不过，点阵图的预测只代表美联储官员当前的预测，往往与真实利率政策路径存在差异。

　　美联储委员会成员和联邦储备银行行长2024年12月的经济预测

　　11月会议还发布了对通胀、失业率和经济增长的预期。

　　美联储预测今年美国经济增速的预测由9月的2%上调至2.5%；2025年的增速为2.1%，较9月预测上升0.1个百分点；2026年的增速为2.0%，与9月预测保持一致。

　　预测今年的失业率为4.2%，较9月下降0.2个百分点；预测今年PCE（个人消费支出）通胀为2.4%（9月预测值2.3%），2025年将上升至2.5%（9月预测值2.1%）；预测今年核心PCE通胀为2.8%（9月预测值2.6%），2025年将回落至2.5%（9月预测值2.2%）。

　　美联储议息决议发布当日，美股三大指数大跌，截至当天收盘，道琼斯工业平均指数比前一交易日下跌1123.03点，收于42326.87点，跌幅为2.58%；标准普尔500种股票指数下跌178.45点，收于5872.16点，跌幅为2.95%；纳斯达克综合指数下跌716.37点，收于19392.69点，跌幅为3.56%。美元指数大幅上升后有所回落，一度达108.28，上涨1.23%。截至发稿，美元指数报108.25。"
东方财富,全球导读,凌晨重磅，降息！美股“大跳水”,当地时间12月18日，美股三大股指全线收跌，道指跌2.58%，标普500指数跌2.95%，纳指跌3.56%。亚马逊、美国运通、高盛集团跌超4%。特斯拉跌超8%，微软跌逾3%。中概股普遍下跌。北京时间12月19日凌晨，美联储宣布，决定将基准利率下调25个基点，联邦基金利率的目标区间从4.5%―4.75%下调至4.25%―4.50%。,"　　在东方财富看资讯行情，选东方财富证券一站式开户交易>>

　　当地时间12月18日，美股三大股指全线收跌，道指跌2.58%，标普500指数跌2.95%，纳指跌3.56%。亚马逊、美国运通、高盛集团跌超4%。特斯拉跌超8%，微软跌逾3%。中概股普遍下跌。

　　北京时间12月19日凌晨，美联储宣布，决定将基准利率下调25个基点，联邦基金利率的目标区间从4.5%―4.75%下调至4.25%―4.50%。这是继2024年9月美联储四年来首次启动宽松周期后，连续第三次降息，累计降息100个基点。

　　美联储主席鲍威尔在新闻发布会上的讲话也释放了诸多政策信号。他表示，美联储并未对利率采取任何预设的路线。

美联储宣布降息25个基点

　　北京时间12月19日凌晨，美联储宣布，决定将基准利率下调25个基点，联邦基金利率的目标区间从4.5%―4.75%下调至4.25%―4.50%，符合市场预期。

　　在随后召开的新闻发布会上，鲍威尔表示，为了更好地履行美联储支持就业、控制通胀的双重目标，保持经济的稳定性，联邦公开市场委员会决定采取进一步措施，通过将政策利率下调25个基点来降低政策限制的力度。此外，美联储还决定继续减少证券持有量。

　　鲍威尔认为，美国11月核心PCE可能上涨2.8%，可能还需要一两年的时间才能达到2%的通胀目标。

　　道明证券美国利率策略主管Gennadiy Goldberg表示，“美联储已经发出了一个信号，即他们不会像过去那样鸽派，他们倾向于明年更少的降息，我认为这是一个信号，市场将继续在不到两次降息的情况下进行定价。”

　　Principal Asset Management首席全球策略师西玛・沙阿认为，这次降息的决定本身并不令人意外。但是，鉴于经济预测的重大修订，这确实表明是一次不情愿的降息――旨在在美联储为2025年更强硬的政策方针奠定基础之际，给市场一些安慰。当然，经济和通胀背景并没有需要大量政策刺激的迹象，而即将上任的新政府明年可能会给他们带来严重的通胀难题。进一步放松货币政策的倾向应该仍然存在，但在这个阶段显然需要谨慎和耐心。

美股三大指数全线跳水

　　在宣布降息后，美股三大指数全线跳水，由涨转跌，在鲍威尔讲话期间，跌幅持续扩大。截至收盘，道指跌2.58%报42326.87点，标普500指数跌2.95%报5872.16点，纳指跌3.56%报19392.69点。其中，道指十连跌，为1974年10月以来最长连跌。

　　美股大型科技股全线下跌，万得美国科技七巨头指数跌3.45%。个股方面，特斯拉跌超8%，亚马逊跌逾4%，微软跌超3%，谷歌A跌逾3%，Meta跌超3%，苹果跌逾2%，英伟达跌超1%。

　　美国10年期国债收益率达到5月底以来的最高水平，涨超4%。美元指数则大幅拉升，升至2022年11月以来高点。

　　美联储公布利率决议后，现货黄金短线跌幅一度扩大至40美元，截至北京时间5:20，报2592.479美元/盎司，跌幅达2.02%；现货白银大跌超3%，截至北京时间5:20，报29.443美元/盎司。

　　申万宏源表示，产业周期加速和宏观环境稳定是美股维持高估值的基础，AI发展对生产力的提振是慢变量，2025年美股的宏观波动风险将高于2024年。2025年美联储迎来5年一次的货币政策框架审查，2%的通胀目标博弈将放大美债利率波动，进而带来美股波动风险。

　　想炒股，先开户！选东方财富证券，行情交易一个APP搞定>>"
东方财富,全球导读,鲍威尔：放缓降息时刻或来临 已开始评估特朗普政策 无意持有比特币,美联储周三宣布降息25个基点，符合市场预期，联邦基金利率目标区间被下调至4.25%-4.5%。这是联储连续第三次降息，此前分别在9月和11月降息了50个基点和25个基点。,"　　在东方财富看资讯行情，选东方财富证券一站式开户交易>>

　　美联储周三宣布降息25个基点，符合市场预期，联邦基金利率目标区间被下调至4.25%-4.5%。这是联储连续第三次降息，此前分别在9月和11月降息了50个基点和25个基点。

　　最新利率点阵图显示，决策者预计2025年将降息两次，而9月时对明年降息次数的预测一度达到了四次。

　　尽管12月最终还是进行了降息，但鲍威尔声称这是一次艰难但正确的决定。

　　他指出，行动过慢可能会不必要地削弱劳动力市场中的经济活动，而行动过快则可能会损害美联储在控制通胀方面取得的进展。因此，美联储试图在这两种风险之间找到平衡。

　　谈未来货币政策行动

　　鲍威尔表示，在本次降息行动之后，美联储已将政策利率从峰值降低了整整100个基点，如今货币政策立场的限制性已明显不如之前那样严格，因此决策者在考虑更多利率调整时可以更加谨慎。

　　对于未来的货币政策行动，鲍威尔称，美联储在2025年的任何降息决定都将基于即将发布的数据，而非当前的经济情况。

　　他说，由于美联储正在努力保持强劲劳动力市场的同时将通胀率降至2%，因此明年加息似乎不太可能出现。

　　肯定美国经济表现

　　鲍威尔肯定了美国经济的表现，多次使用稳固、强劲和有弹性等措辞。

　　他表示，整体经济表现强劲；2024年下半年经济增长快于预期；没有理由认为经济下行的可能性比往常更高；很明显美国已经避免了经济衰退；对经济非常乐观。

　　鲍威尔称，政策制定者普遍预计GDP增长将保持强劲。

　　谈通胀和就业市场

　　美联储表示，鉴于同比通胀数据仍然存在粘性，将在2025年继续关注通胀改善的进展。

　　“在考虑进一步降息时，我们会关注通胀的改善，”鲍威尔说。“我们在12个月的通胀数据上几乎没有明显进展。”

　　鲍威尔认为，消费者感受到的更多是高价格的影响，而不是高通胀的直接作用。

　　“我们非常清楚物价上涨了很多，人们确实感受到了这一点，包括食品、交通和取暖费等。这种全球性的通胀爆发带来了巨大的痛苦，”他说道。“尽管目前通胀水平已经大幅下降，但人们仍感受到高价格的压力，而这正是消费者最直观的感受。”

　　他补充说，对此最好的解决方案是美联储继续努力将通胀率降至目标水平，以便工资能够跟上通胀，最终恢复消费者对经济的良好感受。

　　鲍威尔表示，决策者密切关注劳动力市场的动态。

　　“从多项指标来看，我们确实认为劳动力市场正在降温，但降温速度并不快，也没有引发真正的担忧”，他说。

　　部分官员已开始评估特朗普政策的潜在影响

　　美国当选总统特朗普已扬言要在上台后实施激进的关税计划，经济学家普遍认为这可能导致美国通胀再次上升。

　　鲍威尔透露，部分联邦公开市场委员会（FOMC）成员已开始对特朗普政策可能带来的影响进行初步评估。

　　他还特地提到了特朗普的关税计划，表示目前对其如何影响通胀下结论还为时尚早。

　　鲍威尔称美联储无意持有比特币

　　特朗普此前承诺，将在上台后实施有利于加密货币行业的政策，并考虑建立比特币战略储备。

　　鲍威尔表示，美联储不打算将比特币添加到其资产负债表中。

　　“我们不能持有比特币。《联邦储备法》规定了我们可以拥有什么，我们也无意寻求修改法律。这是国会要考虑的事情，但我们在美联储并未寻求改变，”鲍威尔说。

　　全新妙想投研助理，立即体验"
东方财富,全球导读,拜登卸任前首次表态：应禁止国会议员进行股票交易,【拜登卸任前首次表态：应禁止国会议员进行股票交易】美国总统拜登在一次采访中表示，应该禁止国会议员交易股票。,"　　在东方财富看资讯行情，选东方财富证券一站式开户交易>>

　　美国总统拜登在一次采访中表示，应该禁止国会议员交易股票。

　　拜登近日接受了非营利新闻网站More Perfect Union的采访，此次采访由佛蒙特州独立参议员伯尼・桑德斯的政治顾问Faiz Shakir主持，相关内容于当地时间周二发布。

　　拜登表示，他不理解国会议员在代表所在州或选区的同时，如何还能安心地进行股票交易。

　　“我认为我们应该修改现行法律，确保我们在联邦层面遵守它――国会中任何人都不应该在任职期间通过股票市场获利，”他说。

　　这是拜登首次对国会议员股票交易问题进行表态，鉴于其任期只剩下一个月，他的言论能产生的影响尚不明朗。

　　拜登此前一直对该议题保持沉默。在两年前，时任白宫新闻秘书珍・普萨基曾表示，拜登将“让国会领导层和国会议员自己决定规则应如何制定”。

　　Shakir在采访中称，拜登在担任特拉华州参议员的36年期间没有持有股票。拜登对此表示，他靠参议员的薪水生活，而不是炒股票。

　　有关美国国会议员从事股票交易的现象备受争议，因为有道德监督机构和一些议员指责交易股票的国会议员利用内幕消息牟利。

　　尽管现行规定要求议员披露超过1000美元的股票交易，但他们经常迟报，甚至根本不提交相关报告。

　　近年来，禁止国会议员进行股票交易的立法一再提出，但从未获得通过。

　　今年7月，一个由两党参议员组成的小组提出了一项被称为《道德法案》（ETHICS Act）的提案，该法案将禁止议员购买股票和其他相关投资，并要求他们在法案生效后90天内停止股票交易。法案还禁止议员的配偶和受抚养子女进行此类活动。

　　参议院尚未就该法案进行全体投票。"
东方财富,全球导读,美联储宣布：降息25基点！美股崩了！看最新解读,美联储“鹰派降息”吓崩美股。北京时间12月19日凌晨3点，美联储宣布，决定将基准利率下调25个基点，联邦基金利率的目标区间从4.5%至4.75%下调至4.25%至4.50%。继2024年9月美联储四年来首次启动宽松周期后，连续第三次降息，累计降息100个基点。随后，美联储主席鲍威尔在新闻发布会上的讲话也释放了诸多政策信号。,"　　炒股第一步，先开个股票账户

　　美联储“鹰派降息”吓崩美股。


　　北京时间12月19日凌晨3点，美联储宣布，决定将基准利率下调25个基点，联邦基金利率的目标区间从4.5%至4.75%下调至4.25%至4.50%。继2024年9月美联储四年来首次启动宽松周期后，连续第三次降息，累计降息100个基点。

　　随后，美联储主席鲍威尔在新闻发布会上的讲话也释放了诸多政策信号。他表示，政策立场的限制性明显减弱，在考虑更多利率调整时可以更加谨慎，美联储并未对利率采取任何预设的路线。

　　受一系列“鹰派”信号影响，交易员下调了对未来降息幅度的预期。美股三大指数全线跳水，在鲍威尔讲话期间，跌幅持续扩大，截至04:30，道指跌超1.5%，或将连续10个交易日录得下跌，将是1974年以来最长连跌天数；纳指大跌超2.5%，标普500指数跌1.88%。

　　美联储宣布：降息25个基点

　　北京时间12月19日凌晨3点，美联储宣布，决定将基准利率下调25个基点，联邦基金利率的目标区间从4.5%至4.75%下调至4.25%至4.50%，符合市场预期。

　　继9月四年来首次启动宽松周期后，这是美联储连续第三次降息，自2022年3月至去年7月累计加息525个基点后，三次合计降息100个基点。

　　值得一提的是，本次降息决策并未得到全体FOMC（货币政策委员会）投票委员的一致支持。美联储FOMC声明显示，克利夫兰联储主席哈马克（Beth M. Hammack）对利率决议表示反对，支持暂停降息。哈马克成为今年第二位投反对票的票委，此前美联储理事鲍曼在9月份反对降息50个基点。

　　分析称，本次会议有官员意外投出反对票，这让美联储内部的统一战线出现了裂痕。

　　其实，市场对美联储降息25个基点已有充分预期，在议息会议前夕，芝商所的美联储观察工具显示，利率市场的交易员预计美联储暂停加息的概率超过97%。

　　美联储会后公布的决议声明强调，在考虑对联邦基金利率目标范围新调整的程度和时点时，委员会将仔细评估未来的数据、不断变化的前景和风险平衡。

　　号称“美联储喉舌”“新美联储通讯社”的华尔街日报记者Nick Timiraos表示，美联储政策声明中增加了“幅度和时间”这一措辞，暗示将放缓降息步伐，以修改潜在的调整。

　　鲍威尔最新发声

　　由于降息25个基点已被市场充分定价，因此市场更为关注的是，美联储主席鲍威尔的讲话以及最新发布的利率点阵图。

　　在北京时间凌晨3点半召开的新闻发布会上，他表示，为了更好地履行美联储支持就业、控制通胀的双重目标，保持经济的稳定性，联邦公开市场委员会决定采取进一步措施，通过将政策利率下调25个基点来降低政策限制的力度。此外，美联储还决定继续减少证券持有量。

　　鲍威尔指出，如今，政策立场的限制性明显减弱，减少政策限制性的速度过慢可能会过度削弱经济和就业。在考虑更多利率调整时可以更加谨慎，美联储并未对利率采取任何预设的路线。并表示，隔夜逆回购技术性调整不会影响政策立场。

　　鲍威尔认为，美国11月核心PCE可能上涨2.8%。可能还需要一两年的时间才能达到2%的通胀目标。

　　鲍威尔表示，就业市场已从过热状态冷却下来，通胀更接近2%的目标。失业率有所上升，但仍然保持在较低水平。劳动力市场不是通胀压力的来源。

　　在谈到美国经济时，他表示，房地产活动一直疲软，消费者支出仍然保持弹性，经济活动以稳健的速度持续扩张。

　　在谈到特朗普政府的关税政策影响时，鲍威尔表示，对关税的影响做任何结论为时过早，不知道关税针对的国家、规模和持续时间。

　　在新闻发布会上，鲍威尔回应称，FOMC声明中增加关于调整利率“幅度和时机”的措辞表明，美联储正处于或接近放缓降息的时刻。

　　在谈到降息前景时，鲍威尔表示，降息步伐放缓反映出今年的经济数据走高；明年降息步伐放缓反映通胀预期上升。

　　受此影响，美国利率期货定价美联储明年1月维持利率不变的概率超过90%，美联储利率决议公布前为81%。

　　最新的美联储预测显示，2025年底利率预测中值为3.875%，意味着仅降息50个基点，市场预期为3.625%。

　　美股闪崩

　　受一系列“鹰派”信号影响，在宣布降息后，美股三大指数全线跳水，由涨转跌，在鲍威尔讲话期间，跌幅持续扩大，截至04:30，道指跌超1.5%，或将连续10个交易日录得下跌，将是1974年以来最长连跌天数；纳指大跌超2.5%，标普500指数跌1.88%。

　　美元指数则大幅拉升，升至2022年11月以来高点，现涨超1%；美国10年期国债收益率创四周新高，涨至4.486%。

　　非美货币汇率集体下挫，离岸人民币跌至1美元兑7.3204元，创2023年以来最低；加元兑美元跌幅达0.76%，至1美元兑1.4419加元；美元兑瑞郎站上0.90，为7月10日以来首次，日内涨0.83%；英镑兑美元日内下跌1%，现报1.2582。

　　美联储公布利率决议后，现货黄金短线跌幅一度扩大至40美元，现报2621.89美元/盎司，跌幅达1.52%；现货白银日内大跌超2%，现报30.19美元/盎司；比特币短线跌幅扩大，失守101000美元，24小时内跌5%。

　　道明证券美国利率策略主管Gennadiy Goldberg解读称，“美联储已经发出了一个信号，即他们不会像过去那样鸽派，他们倾向于明年更少的降息，我认为这是一个信号，市场将继续在不到两次降息的情况下进行定价。”

　　作为季末的议息会议，美联储还发布了最新一季的经济预测、利率点阵图，进一步给市场提供了判断美联储政策路径的依据。

　　最新的点阵图预期中值显示，美联储预期2025年仅降息两次，每次25个基点，今年9月的点阵图预期为降息四次，每次25个基点；美联储预期2026年将降息两次，每次25个基点，与9月的预期一致。

　　具体到2025年的降息前景，点阵图显示，在19位官员中，有1位官员认为2025年不应降息，有3位官员认为2025年应累计降息25个基点，有10位官员认为2025年应累计降息50个基点，有3位官员认为2025年应累计降息75个基点，有1位官员认为2025年应累计降息100个基点，有1位官员认为2025年应累计降息125个基点。

　　总体来看，美联储官员们对未来指引“鹰派”，暗示明年只会降息两次。

　　对于失业率、通胀前景的展望，最新的点阵图显示，2024至2026年底失业率预期中值分别为4.2%、4.3%、4.3%。（9月预期分别为4.4%、4.4%、4.3%）；2024至2026年底核心PCE通胀预期中值分别为2.8%、2.5%、2.2%。（9月预期分别为2.6%、2.2%、2.0%）；2024至2026年底PCE通胀预期中值分别为2.4%、2.5%、2.1%。（9月预期分别为2.3%、2.1%、2.0%）

　　全新妙想投研助理，立即体验"
东方财富,全球导读,拜登政府给特朗普关键议程设下障碍：批准加州燃油车强制禁令,【拜登政府给特朗普关键议程设下障碍：批准加州燃油车强制禁令】差不多再过1个月，美国政府就将迎来换届的时间点。在这个节骨眼上，即将卸任的拜登政府，围绕着新能源汽车政策的存废，又给明年美国政治斗争的叙事埋下了一条明线。,"　　炒股第一步，先开个股票账户

　　差不多再过1个月，美国政府就将迎来换届的时间点。在这个节骨眼上，即将卸任的拜登政府，围绕着新能源汽车政策的存废，又给明年美国政治斗争的叙事埋下了一条明线。

　　当地时间周三，美国环境保护署（EPA）发布声明，批准加州自行设立的两项清洁能源规则。主要的内容有两条：一是对重型车辆和发动机的氮氧化物污染设立限制，第二个是被称为“先进清洁汽车II”的法规，对传统内燃机汽车设立排放限制。

　　最关键的是，这条规则还对汽车经销商每年销售零排放车辆的比例提出要求，2026年的标准为35%，而2035年为100%――等同于完全禁止汽、柴油内燃机汽车。

（来源：美国环保署）

　　预定斗争焦点

　　由于当选总统特朗普已经多次明确发誓，要终止美国强制推行新能源汽车的政策，包括取消7500美元的联邦补贴，美国环保署的这张批文，料将成为明年美国政坛的斗争焦点。特朗普政府肯定会迅速寻求撤销这项豁免，而加州将会针锋相对，相互拉扯间又会是汽车制造商们感到迷茫的几年。

　　而且由于独特的立法渊源，加州的汽车排放规则，实际上会影响纽约、华盛顿等一系列州，能占到美国汽车市场的30%。

　　财联社此前也介绍过，由于加州的空气污染立法早于联邦的《清洁空气法案》，所以当年立法时留下了一个口子：允许加州制定比联邦更严格的排放标准，美国各州可以自行选择使用哪个标准。

　　在特朗普的第一个任期内，就曾试图剥夺加州的豁免权，随后二十多个州将特朗普政府告上法庭，这件事最后拖到拜登上台把特朗普的政策撤销了事。

　　考虑到57岁的加州州长纽森，被视为民主党内下一个挑战总统位置的热门人选，未来几年他与特朗普的“斗法”，很大程度上将决定他能否“再进一步”。

　　在电动车问题上，纽森已经明确表示“寸步不让”，特朗普如果取消7500美元补贴，加州将自己掏钱补上。

　　汽车行业面临政策不确定性

　　现在的局面，也使得面向美国市场的汽车经销商们相当为难。随着电动车普及的速度放缓，许多传统车厂已经实质上放缓了电气化的步伐。

　　按照加州新规，纯电车、氢燃料汽车和插电式混动车符合零排放汽车的标准，但传统的混合动力汽车和卡车，以及常规汽油、柴油车则在强制禁令范围内。

　　利益相关的美国燃料和石化制造商协会主席Chet Thompson也对媒体表示，加州的政策会伤害消费者，其中有数百万人根本就不住在加州，但规则会剥夺他们在自己州购买新燃油车的能力，并提高购车和出行成本。

　　根据统计，在美国的轻型车销售中，目前电动车占比只有10%，即便在大力推行绿色转型的加州，这一比例也只有30%。

　　为了满足配额要求，福特、通用等汽车制造商要么销售更多的零排放车辆，要么减少燃油车销售数量，或者从遵守规定的公司（例如特斯拉）那里购买积分。一些汽车制造商也在鼓励各州放弃采用加州规则，否则将面临更少的汽车选择和更高的售价。

　　理论上特朗普就任后可以让环保署撤销豁免，但走完程序可能就要数月时间，更不用说加州肯定会启动漫长的诉讼程序。

　　一些共和党议员鼓励使用《国会审查法》的特别权力撤销豁免，但美国政府问责办公室之前裁定撤销环保豁免超出审查法的管理范围，但一些共和党人仍在鼓励立法机构明年挑战一下这个行政解释。

　　想炒股，先开户！选东方财富证券，行情交易一个APP搞定>>"
东方财富,全球导读,美联储如期降息25个基点 预计2025年仅降息两次,北京时间周四(12月19日)凌晨，美联储宣布降息25个基点，将联邦基金利率目标区间从4.5%至4.75%调低至4.25%至4.5%，符合市场普遍预期。,"　　炒股第一步，先开个股票账户

　　北京时间周四(12月19日)凌晨，美联储宣布降息25个基点，将联邦基金利率目标区间从4.5%至4.75%调低至4.25%至4.5%，符合市场普遍预期。

　　这也是美联储继9月和11月之后，连续第三次会议宣布降息，全年的累计降息幅度就此达到100个基点。

　　决议公布后，美股三大指数持续下挫，美元指数短线走高60点，现货黄金短线暴跌超20美元。

　　FOMC声明显示，在12名票委中，克利夫兰联储主席哈马克对利率决议表示反对，支持不降息。而在9月份的决议中，美联储理事鲍曼投下了反对票。在本月早些时候的一次讲话中，哈马克曾对美联储是否应该在通胀持续的情况下继续降息表示怀疑。鲍曼投票支持本次降息。

　　政策制定者还对会后声明的措辞进行了微妙调整：在考虑对联邦基金利率目标区间进行额外调整的幅度和时间时，委员会将仔细评估最新数据、不断变化的前景以及风险的平衡。

　　而11月的声明中称：“在考虑对联邦基金利率目标范围的新调整时，委员会将仔细评估未来的数据、不断变化的前景和风险平衡。”

　　点阵图显示，2025年预计将降息两次，而9月官员们曾预计会有四次降息。也就是说这一次出现了所谓的“鹰派降息”。

　　政策制定者将长期联邦基金利率中值由2.9%上调至3%，他们认为，在新冠大流行之后，所谓的中性利率(既不促进也不抑制经济活动)的位置存在很大的不确定性。

　　在最新的利率决议发布前，一些官员就暗示，中性利率水平已经抬升，这意味着美联储可以以比此前预期更少的幅度降息。

　　此外，当选总统特朗普提出的贸易、移民和税收政策为通胀前景增添了另一个不确定因素，这可能会给通胀带来上行压力，并限制劳动力市场。

　　自9月中旬开始大幅降息50个基点以来，政策制定者已将基准利率下调了整整100个基点。当时，他们受到通胀下降的鼓舞，担心劳动力市场正接近危险的临界点。

　　但从那以后，经济形势发生了变化。事实证明，美国劳动力市场具有弹性，过去三个月的就业人数平均增长了17.3万人。11月份失业率小幅上升至4.2%，但以历史标准衡量仍处于低位。

　　在公布利率决议的同时，美联储还发布了《经济预期摘要》(SEP)：上调今明两年的GDP增速预期，下调今明两年的失业率预期，同时上调2024-2026年的通胀预期，以及全面上调今年之后的利率预期中值。

　　具体来看，政策制定者目前预计2025年失业率为4.3%。他们还将2025年的经济增长预测略微上调至2.1%。而在通胀方面，官员们将2025年的核心通胀预期从9月份的2.2%上调至2.5%。

　　对冲基金Point72资产管理公司首席经济学家Dean Maki表示，美联储离预期的中性利率水平越来越近了，这是他们可能从现在开始放慢降息步伐的一个关键原因。

　　另外，一些经济学家暗示，美联储将选择在明年初采取更为谨慎的降息方式，因为决策者将观望通胀是否会继续下降。此前两个月，物价上升压力比预期更为强劲。

　　高盛的经济学家预计，加征关税可能会在明年将核心通胀率提高0.3个百分点。虽然这种影响的大部分将在2026年消退，但它可能会在央行内部引发不安，因为这将导致通胀率在未来五年内明显高于2%的目标。

　　全新妙想投研助理，立即体验"
东方财富,全球导读,降息！美股、金价却直线下跌！发生了什么？,刚刚，美联储宣布降息25个基点，将联邦基金利率目标区间下调至4.25%―4.5%，为年内第三次降息，符合市场预期。如期公布降息后，美元指数走高，非美货币走低。美元兑加元向上触及1.44关口，为2020年3月以来首次，日内涨0.63%。美元兑离岸人民币跌破7.3关口。但在美联储公布降息后，美股、黄金白银却直线下跌。,"　　刚刚，美联储宣布降息25个基点，将联邦基金利率目标区间下调至4.25%―4.5%，为年内第三次降息，符合市场预期。


　　如期公布降息后，美元指数走高，非美货币走低。美元兑加元向上触及1.44关口，为2020年3月以来首次，日内涨0.63%。美元兑离岸人民币跌破7.3关口。

　　但在美联储公布降息后，美股、黄金白银却直线下跌。

　　截至发稿，道指、纳指、标普500跌幅分别为0.39%、0.44%、0.46%。

　　现货黄金短线跌幅一度扩大至近22美元，现报2618.799美元/盎司。现货白银日内一度跌超2%，现报29.937美元/盎司。

　　全新妙想投研助理，立即体验

　　事实上，本次降息在市场预料之中，市场对明年的降息幅度和次数更加关注。此次降息之后，市场普遍预计美联储明年将减缓降息步伐。


　　目前美国利率期货定价美联储1月维持利率不变的概率超过90%，而美联储利率决议公布前为81%。这也就意味着，市场投资者普遍认为，美联储将在明年1月暂停降息的步伐。

　　另外，美联储四位官员对2025年降息幅度的预期为25个基点或更少。

　　高盛首席经济学家Jan Hatzius在其最新一份报告中表示，美联储预计未来可能会放慢降息步伐。他在报告中还删除了对美联储明年1月降息的预期，并预计美联储明年会在3月、6月和9月合计降息三次。

　　美联储公布利率决议后，美联储主席鲍威尔表示，整体经济表现强劲，就业市场已从过热状态冷却下来，当前劳动力市场状况比2019年时更为宽松，就业市场并非显著的通胀压力来源，“我认为我们不需要进一步冷却劳动力市场才能实现2%的通胀目标。”

　　鲍威尔还表示，如今，政策立场的限制性明显减弱。在考虑更多利率调整时可以更加谨慎，美联储并未对利率采取任何预设的路线。FOMC声明中增加关于调整利率“幅度和时机”的措辞表明，美联储正处于或接近放缓降息的时刻。降息步伐放缓反映出今年的经济数据走高；明年降息步伐放缓反映通胀预期上升。"
东方财富,全球导读,美联储如期降息25个基点 1人投票反对（附声明原文）,北京时间12月19日凌晨，美联储将联邦基金利率的目标区间下调25个基点至4.25%-4.5%，符合市场预期。此前，美联储已分别在9月和11月议息会议上降息50个基点和25个基点。美联储在12月声明中表示，在考虑对联邦基金利率目标区间的幅度和时机（extentandtiming）进一步调整时，委员会将仔细评估未来的数据、不断变化的前景和风险平衡。,"　　炒股第一步，先开个股票账户

　　北京时间12月19日凌晨，美联储将联邦基金利率的目标区间下调25个基点至4.25%-4.5%，符合市场预期。此前，美联储已分别在9月和11月议息会议上降息50个基点和25个基点。

　　美联储在12月声明中表示，在考虑对联邦基金利率目标区间的幅度和时机（extent and timing）进一步调整时，委员会将仔细评估未来的数据、不断变化的前景和风险平衡。委员会将继续减持美国国债、机构债券和机构抵押贷款支持证券。委员会坚定地致力于支持最大限度的就业，以及将通胀恢复至2%这一目标。

　　与上月声明相比，本次声明强调了对降息“幅度和时机”的进一步调整。

　　声明表示，最近的指标表明，经济活动继续稳步扩张。自今年早些时候以来，劳动力市场状况已逐步缓解（eased），失业率有所上升，但仍然保持低位。通货膨胀率朝着委员会设定的2%的目标取得了进展，但仍保持一定程度的高企。

　　声明再次提到，在评估合适的货币政策立场时，委员会将继续监控未来的经济数据的影响。如果风险的发生会阻碍达成委员会的双重目标，委员会会为调整适当的货币政策立场做好准备。委员会的评估将考虑到大量信息，包括劳动力市场指标、通胀压力和通胀预期指标、金融和国际形势发展的数据等。

　　此次议息决议未能全票通过，美联储理事Beth M. Hammack投了反对票，她倾向于将联邦基金利率的目标区间维持在4.5%-4.75%。

　　以下是12月声明全文及与11月声明的比较：

　　最近的指标表明，经济活动继续稳步扩张。自今年早些时候以来，劳动力市场状况已逐步缓解（eased），失业率有所上升，但仍然保持低位。通货膨胀率朝着委员会设定的2%的目标取得了进展，但仍保持一定程度的高企。

　　委员会力图在长期内达成最大就业和2%的通胀目标。委员会判断，实现就业和通胀目标的风险大致是平衡的。经济前景不确定，委员会注意到其双重任务面临的双面风险。

　　为支持其目标，委员会决定将联邦基金利率的目标区间下调25个基点至4.25%-4.5%（11月原文：为支持其目标，委员会决定将联邦基金利率的目标区间下调25个基点至4.5%-4.75%）。在考虑对联邦基金利率目标区间的幅度和时机（the extend and timing ，本月新增）进一步调整时，委员会将仔细评估未来的数据、不断变化的前景和风险平衡。委员会将继续减持美国国债、机构债券和机构抵押贷款支持证券。委员会坚定地致力于支持最大限度的就业，以及将通胀恢复至2%这一目标。

　　在评估合适的货币政策立场时，委员会将继续监控未来的经济数据的影响。如果风险的发生会阻碍达成委员会的双重目标，委员会会为调整适当的货币政策立场做好准备。委员会的评估将考虑到大量信息，包括劳动力市场指标、通胀压力和通胀预期指标、金融和国际形势发展的数据等。

　　投票赞成者包括：FOMC委员会主席（美联储主席）鲍威尔（Jerome H. Powell, Chairman）；委员会副主席（纽约联储主席）威廉姆斯（John C. Williams，Vice Chairman）；（里士满联储主席）Thomas I. Barkin；（美联储理事）Michael S. Barr；（亚特兰大联储主席）Raphael W. Bostic; （美联储理事）Michelle W. Bowman；（美联储理事）Lisa D. Cook；（旧金山联储主席）Mary C. Daly；（删去11月原文：Beth M. Hammack）；(美联储理事）Philip N. Jefferson；（美联储理事）Adriana D. Kugler；（美联储理事）Christopher J. Waller。投票反对这一行动的有Beth M. Hammack，她倾向于将联邦基金利率的目标区间维持在4.5%-4.75%（本月新增）。

　　全新妙想投研助理，立即体验"
东方财富,全球导读,美国企业“画饼”：将建造世界上第一座电网规模的核聚变发电厂,【美国企业“画饼”：将建造世界上第一座电网规模的核聚变发电厂】美国核聚变能源初创企业Commonwealth Fusion Systems(CFS)周二宣布，该公司计划在弗吉尼亚州建造世界上第一座电网规模的核聚变发电厂，预计2030年代初投入运营。,"　　全新妙想投研助理，立即体验

　　美国核聚变能源初创企业Commonwealth Fusion Systems(CFS)周二宣布，该公司计划在弗吉尼亚州建造世界上第一座电网规模的核聚变发电厂，预计2030年代初投入运营。

　　CFS于2018年从美国麻省理工学院剥离，迄今已融资逾20亿美元，是世界上最大、最受关注的核聚变公司之一，其投资者包括老虎环球资本、比尔・盖茨、谷歌和能源巨头埃尼等。

　　CFS首席执行官鲍勃・穆加德表示：“将投资数十亿美元在里士满附近建造这个核聚变发电厂，工厂投入运营后，将能够接入电网，产生400兆瓦的电力，足以为大约15万户家庭供电。”

　　穆加德指出，这将是世界上第一座电网规模的核聚变发电厂。弗吉尼亚州州长格伦・扬金对这一决定表示欢迎，称这是“弗吉尼亚州和整个世界的历史性时刻”。

　　该工厂将代表着核聚变商业化的一个新阶段，核聚变发电是一种利用原子核聚变反应产生热能，然后利用热能发电的技术。它是目前各个大国正在研究中的重要技术，主要是把聚变燃料加热到1亿度以上高温，让它产生核聚变，然后利用热能。

　　实际上，早在上世纪五十年代初人类就实现了聚变核反应，这就是氢弹的爆炸，但这种剧烈的聚变核反应无法用于社会生产和人类生活，因而实现可控热核聚变一直是科学家们的梦想。

　　目前来看，核聚变发电的技术路线尚未走通，最终实现可能还需很长的时间。因此，CFS的计划目前只是一种“画饼”。

　　CFS似乎也承认这一点。穆加德表示：“在核聚变的商业过程中，没有什么是一夜之间发生的。但可以肯定的是，如果你不做好准备，就不会成功。”

　　该公司目前正在建造一个实验性热核聚变实验反应堆，希望在2026年产生第一束等离子体，然后实现净聚变能量。

　　在选择弗吉尼亚州之前，CFS在全球范围内考察了100多个发电厂的选址。CFS表示，之所以选择这个地方，是因为它不断增长的经济、熟练的劳动力、对清洁能源的关注，以及它在燃煤电厂退役后能够接入电网的能力。

　　弗吉尼亚州也是世界上最大的数据中心市场之一，这一领域需要大量且不断增长的能源。美国电力监管机构北美电力可靠性协会(NERC)周二警告称，由于发电量跟不上人工智能不断增长的需求，北美电网面临“严重的可靠性挑战”。

　　NERC在其2024年长期可靠性评估报告中总结称，“随着需求增长持续飙升以及火力发电机宣布退役计划，未来10年北美大部分地区(大容量电力系统)都将面临越来越大的资源充足性挑战。”"
东方财富,全球导读,美联储主席：进一步降息的门槛或更高 政策立场的限制性已明显减少,北京时间12月19日，美联储将联邦基金利率的目标区间下调25个基点至4.25%-4.5%，符合市场预期。此前，美联储已于9月、11月两次下调联邦基金利率的目标区间，降息幅度合计75个基点。当日，美联储主席鲍威尔在新闻发布会上表示，本次降息后，美联储进一步降息的门槛可能更高。目前，政策利率已经由峰值下调了一个百分点，政策立场的限制性明显减少。,"　　在东方财富看资讯行情，选东方财富证券一站式开户交易>>

　　北京时间12月19日，美联储将联邦基金利率的目标区间下调25个基点至4.25%-4.5%，符合市场预期。此前，美联储已于9月、11月两次下调联邦基金利率的目标区间，降息幅度合计75个基点。

　　当日，美联储主席鲍威尔在新闻发布会上表示，本次降息后，美联储进一步降息的门槛可能更高。目前，政策利率已经由峰值下调了一个百分点，政策立场的限制性明显减少。因此，在考虑进步一调整政策利率时，美联储可以更加谨慎。

　　当被问及2025年是否将仅进行两次每次25个基点的降息，而非此前预测的4次降息时，鲍威尔表示，美联储会对数据作出反应，明年的实际降息与今天所预测的内容无关，只是委员会认为可能合适的总体感觉。

　　“只要经济和劳动力市场稳定，我们就可以在考虑进一步降息时保持谨慎。”鲍威尔表示，美联储将关注通胀的进一步发展，以及劳动力市场的持续强劲。

　　美联储同日公布的点阵图显示，对2025年的联邦基金利率中值的预期为3.9%，此前9月预测为3.4%，即点阵图暗示的2025年降息次数由9月预期的4次缩减为2次。。"
东方财富,全球导读,俄罗斯黑海沿岸发生重大漏油事件 近50公里海岸线受到污染,【俄罗斯黑海沿岸发生重大漏油事件 近50公里海岸线受到污染】在上周末，两艘油轮因风暴在黑海发生事故，导致大量石油泄漏，这可能对俄罗斯南部克拉斯诺达尔地区的沿岸生态造成灾难性影响。,"　　全新妙想投研助理，立即体验

　　在上周末，两艘油轮因风暴在黑海发生事故，导致大量石油泄漏，这可能对俄罗斯南部克拉斯诺达尔地区的沿岸生态造成灾难性影响。

　　俄罗斯克拉斯诺达尔边疆区行政长官康德拉季耶夫周二表示，在旅游胜地捷姆留克和阿纳帕之间的沙滩沿岸上，发现了数十公里长的燃油油迹。“今天早上，在巡查海岸线时，发现了燃料油的污渍，石油产品被冲上了数十公里的海岸，造成了广泛的污染。”

　　报道称，在12月15日，两艘老旧的油轮“Volgoneft 212”号和“Volgoneft 239”号因风暴在黑海发生事故，船上共有29人，事故导致石油产品泄漏。据悉，两艘油轮总共装载了大约62000桶的石油产品，令人担心这可能成为该地区多年来最大的环境灾难之一。

　　俄罗斯联邦海运河运署表示：“联邦国家预算机构‘海上救援局’和俄罗斯紧急情况部正在采取措施消除漏油，由在顿河畔罗斯托夫成立的行动指挥部负责领导，该指挥部在联邦国家预算机构‘亚速海海港管理局’成立。”

　　现场的视频显示，其中一艘油轮断成两半，船头完全被毁，另一艘油轮搁浅，人们看到黑色的燃料油在海上蔓延。

　　俄罗斯紧急情况部声称，清理行动沿着49公里的海岸线展开，约有4000名志愿者参与了这项行动。

　　据地区当局称，由于海岸线上的石油泄漏，捷姆留克和阿纳帕地区的五个定居点已宣布进入紧急状态。

　　康德拉季耶夫表示，石油泄漏是“可以清除的”，并表示有信心“不会对2025年的度假季节造成威胁”。

　　当地的鸟类已经受到石油泄漏的影响，有多个视频显示许多鸟类被石油覆盖，海洋生态系统也可能面临严重后果。

　　附近的刻赤海峡是海豚和其他海洋哺乳动物迁徙的重要区域，也是俄罗斯粮食和燃料产品出口的重要通道。

　　俄罗斯自然资源与生态部部长亚历山大・科兹洛夫表示，由于天气寒冷，一些燃料油可能已经沉入海底，但泄漏的规模仍不清楚。"
东方财富,全球导读,1978年以来最长连跌！“九连阴”的道指到底怎么了？,1978年以来最长连跌！“九连阴”的道指到底怎么了？,"　　炒股第一步，先开个股票账户

　　如果要评选近来美国市场上最为令人惊讶的现象，那么或许非“一路南下”的道指走势莫属！


　　在纳指突破2万点后连续新高、标普500指数始终徘徊历史高位的背景下，道琼斯工业平均指数却在过去九个交易日连续下跌，就此创下了1978年以来最长的连跌天数……

　　注：由上至下分别是纳指、标普500和道指

　　根据FactSet的数据，道指曾在1974年经历连续11天下跌，在此之后，道指还从未出现过连续10天或更长时间的下跌。因而，今晚的这个美联储议息夜，会否令道指又一次掉落向两位数天数连跌的泥潭，或许就将成为许多人眼中的一大焦点……

　　那么话说回来，道指究竟是如何在纳指、标普表现强势的背景下，“混”得如此凄惨的？

　　(道指过去九天的每日百分比和点数跌幅)

　　从跌幅“贡献”来看，人们其实很容易找到“罪魁祸首”――联合健康。

　　由30家公司组成的道琼斯工业平均指数是一个价格加权指数。而在过去八个交易日中，暴跌的联合健康其实推动了该指数一半以上的跌幅。美国在当选总统特朗普誓言 “打掉 ”药品行业中间商之后，该股就遭到了广泛抛售，仅本月该健康保险公司的股价就暴跌了20%。联合健康保险部门首席执行官Brian Thompson遭枪击身亡的消息，也让该公司经历了一段动荡时期。

　　注：成份股本周以来和本月以来对道指波动的贡献点数

　　此外，投资者眼下正在开始抛售道指中的周期性股票，这些股票最初曾在11月特朗普胜选后大涨。

　　宣伟公司(Sherwin-Williams)、卡特彼勒公司(Caterpillar)和高盛(Goldman Sachs)等通常在经济复苏时上涨的股票，在12月份都下跌了至少5%，拖累道指整体下跌。这些股票在11月份都曾大涨，因为它们被视为特朗普放松监管和支持经济政策的受益者，但近期投资者的买入热情开始消退。

　　道指主要由蓝筹消费股和工业股组成，被广泛视为整体美国经济状况的代表。鉴于上周公布的初请失业救济人数数据出现小幅跳升，市场对经济疲软的担忧再度升温，道指也因此出现了持续抛售。当然，投资者眼下对2025年的经济仍然相当乐观，认为不会出现20世纪70年代末的滞胀时期。

　　另一个令道指比较“受伤”的地方在于，11月刚刚被纳入道指的英伟达也在近期大幅回落，这段“姻缘”似乎并没能经历一段美好的蜜月期――目前，英伟达已从前期高点下跌了逾10%。瑞穗分析师Jordan Klein认为，华尔街正在关注大型科技公司对ASIC的需求，比如考虑Meta、Alphabet等公司是否在生成式AI应用中更倾向于使用ASIC而非昂贵的GPU，这或许是导致英伟达股票下跌的原因之一。

　　TradeStation全球市场策略主管David Russell表示：“华尔街逐渐意识到，特朗普的连任未必会像一些人预期的那样对股市有利。金融和工业板块因特朗普当选而上涨，但现在可能面临更高的利率和贸易不确定性，而医疗保健板块则面临近年来最大的政治风险。”

　　事实上，长期以来，道指颇多受到外界诟病的地方就是其价格加权的属性，这意味着它无法像标普500指数或纳斯达克指数那样捕捉到大盘股的巨大涨幅――道指的计算方法是将30只成分股的价格相加，然后除以一个考虑到股票拆分和新个股加入等变化的因子。

　　而由于道指构成中的科技股权重偏低，所能享受到的AI浪潮的红利也有限。虽然亚马逊、微软和苹果都在该指数中，而且本月都至少上涨了 9%，但这还不足以让道指摆脱困境。

　　当然，尽管道指的连跌天数已足以载入史册，但是截至目前，整体跌幅还算是相对温和――从12月初的历史最高点到周二的低点，道指的累计回调幅度尚不到4%。

　　但即便如此，道指的持续阴跌，可能也确实已经能给一些沉迷于牛市行情的美股投资者敲响警钟。

　　一个可能鲜有人注意到的是，目前标普500指数已经连续12天下跌的成分股数量多于了上涨的成分股数量。这是近100年历史上第二长的纪录。真要论起来，可能比道指46年来最长日线连跌更具“眼球效应”。

　　可以说，美股市场的广度指标正在“崩坏”。虽然标普500指数仍在屡创新高，但高于200日移动均线的个股数量却在持续减少。

　　注：红线为高于200日移动平均线个股的数量，柱状线为标普500走势

　　而这对于投资者而言，也意味着择股正变得更为重要。如果没有选好股，那么即便美股牛市还在延续，可能也已与你“无缘”……

　　全新妙想投研助理，立即体验"
